ico_smluvni_strany;castka;nazev_smluvni_strany;predmet;publikovano;hodnota_raw
66002222;;Ministerstvo pro místní rozvoj;"DOHODA O UKONČENÍ SMLOUVY,
ÚČASTNICKÁ SMLOUVA";03.03.2026;Neuvedeno
27156052;2159000,0;Moudrý překlad, s.r.o.;Organizační zajištění Mezinárodní konference 2026;03.03.2026;2 159 000 CZK bez DPH
00288942;222000,0;Obec Vrchoslavice;Smlouva o darování vozidla;02.03.2026;222 000 CZK s DPH
07081561;1694149,0;SEVITECH CZ s.r.o.;Dodatek č.1 smlouvy CES 6799 na poskytnutí odborných rolí;27.02.2026;1 694 149 CZK bez DPH
;1694149,0;SYNCHRONIX, a.s.;Dodatek č.1 smlouvy CES 6799 na poskytnutí odborných rolí;27.02.2026;1 694 149 CZK bez DPH
71234608;98402,0;Regionální vzdělávací a informační středisko, příspěvková organizace;Smlouva o podmínkách realizace projektu (SoPR) - 284/LP1;26.02.2026;98 402 EUR
04095316;98402,0;Centrum pro regionální rozvoj České republiky;Smlouva o podmínkách realizace projektu (SoPR) - 284/LP1;26.02.2026;98 402 EUR
18630197;18882889,0;KONSIT a.s.;Smlouva - Denní stacionář;25.02.2026;18 882 889 CZK bez DPH
47114983;;Česká pošta, s.p.;Hybridní a konverzní pošta Bystřice pod Hostýnem;24.02.2026;Neuvedeno
66002222;;Ministerstvo pro místní rozvoj;Hybridní a konverzní pošta Bystřice pod Hostýnem;24.02.2026;Neuvedeno
00177041;284727113,0;Škoda Auto a.s.;Rámcová dohoda na dodávky osobních automobilů - kategorie 4A nafta automat  (AVISme 2026000370);24.02.2026;284 727 113 CZK bez DPH
18630197;18882889,0;KONSIT a.s.;Smlouva - Denní stacionář;24.02.2026;18 882 889 CZK bez DPH
25750178;85982,0;PROTECH PRODUCTION, s.r.o.;Putovní výstava IROP - dílčí objednávka č. 30;23.02.2026;85 982 CZK bez DPH
01186825;124000,0;SANITKY PRAHA - záchranná služba z.s.;Smlouva o darování vozidla;20.02.2026;124 000 CZK s DPH
00177041;144628,0;Škoda Auto a.s.;Pronájem vozidla na 1 rok;20.02.2026;144 628 CZK bez DPH
26137585;164560,0;IBRS - International Business and Research Services s.r.o.;Dodatek č. 1  k objednávce 94/07/CES-6616/2025/56 na zajištění evaluace s názvem Vyhodnocení obsahové spolupráce s deníky;19.02.2026;164 560 CZK s DPH
15891534;271040,0;EEIP, a.s.;zpracování analýzy nákladovosti výkonu stavební agendy v kontextu novely stavebního  zákona;19.02.2026;271 040 CZK s DPH
13784668;22500,0;Ing. Oto Kuhn;Obj. č.38/2026 Zajištění znaleckých posudků na vyřazení vozů;19.02.2026;22 500 CZK s DPH
;211116,0;Europejskie Ugrupowanie Współpracy Terytorialnej NOVUM z o.o.;Společně řešíme problémy česko-polského pohraničí;18.02.2026;211 116 EUR
48111198;112300,0;ACTIVA spol. s r.o.;Obj. č. 40/2026 - drobný majetek;17.02.2026;112 300 CZK bez DPH
;;Mezinárodní organizace pro migraci (IOM);Poskytnutí finančního příspěvku na podporu Projektu ´Zlepšení přístupu k bydlení cizinců;16.02.2026;Neuvedeno
49353845;38691,0;Jitka Bezoušková;Očalounění dvoukřídlých dveří;13.02.2026;38 691 CZK bez DPH
;510000,0;JUDr. Hynek Brom;Příkazní smlouva o zajištění činnosti hlavního manažera projektu pro koordinaci implementace novely stavebního zákona;12.02.2026;510 000 CZK bez DPH
66002222;;Ministerstvo pro místní rozvoj;Účastnická smlouva;11.02.2026;Neuvedeno
47114983;;Česká pošta, s.p.;Veřejnoprávní smlouvy;11.02.2026;Neuvedeno
66002222;;Ministerstvo pro místní rozvoj;Veřejnoprávní smlouvy;11.02.2026;Neuvedeno
47114983;;Česká pošta, s.p.;Veřejnoprávní smlouva o přenesení výkonu působnosti v obasti doručování prodle stavebního zákona;11.02.2026;Neuvedeno
66002222;;Ministerstvo pro místní rozvoj;Veřejnoprávní smlouva o přenesení výkonu působnosti v obasti doručování prodle stavebního zákona;11.02.2026;Neuvedeno
66002222;;Ministerstvo pro místní rozvoj;Veřejnoprávní smlouva o přenesení výkonu působnosti v oblasti doručování;11.02.2026;Neuvedeno
47114983;;Česká pošta, s.p.;Veřejnoprávní smlouva o přenesení výkonu působnosti v oblasti doručování;11.02.2026;Neuvedeno
00020711;329054,0;Výzkumný ústav vodohospodářský T. G. Masaryka veřejná výzkumná instituce;Smlouva o podmínkách realizace projektu (SoPR) - 261/PP2;11.02.2026;329 054 EUR
04095316;329054,0;Centrum pro regionální rozvoj České republiky;Smlouva o podmínkách realizace projektu (SoPR) - 261/PP2;11.02.2026;329 054 EUR
47114983;50001,0;Česká pošta, s.p.;Veřejnoprávní smlouvy - Veřejnoprávní smlouva o přenesení výkonu působnosti v oblasti doručování;10.02.2026;50 001 CZK bez DPH
66002222;50001,0;Ministerstvo pro místní rozvoj;Veřejnoprávní smlouvy - Veřejnoprávní smlouva o přenesení výkonu působnosti v oblasti doručování;10.02.2026;50 001 CZK bez DPH
47114983;;Česká pošta, s.p.;Veřejnoprávní smlouva o přenesení výkonu působnosti v oblasti doručování - SÚ;09.02.2026;Neuvedeno
66002222;;Ministerstvo pro místní rozvoj;Veřejnoprávní smlouva o přenesení výkonu působnosti v oblasti doručování - SÚ;09.02.2026;Neuvedeno
11249897;92710,0;Jiří Jäger;Úprava elektroinstalací v objektu Vinohradská;06.02.2026;92 710 CZK bez DPH
28426525;1105041,0;Glomex MS, s.r.o.;243600 - Provedení Servisní Údržby v letech 2026 - 2028 FRÉZA SNĚHOVÁ SUPRA 4002, VPZ.215-90-25;06.02.2026;1 105 041 CZK s DPH
66302668;277800,0;Knill David, Ing.;Vypracování energetického auditu a průkazů energetické náročnosti budovy;05.02.2026;277 800 CZK bez DPH
47114983;;Česká pošta, s.p.;Veřejnoprávní smlouva o přenesení výkonu působnosti v oblasti doručování;04.02.2026;Neuvedeno
66002222;;Ministerstvo pro místní rozvoj;Veřejnoprávní smlouva o přenesení výkonu působnosti v oblasti doručování;04.02.2026;Neuvedeno
66002222;;Ministerstvo pro místní rozvoj;veřejnoprávní smlouva o přenesení výkonu působnosti v oblasti doručování - hromadná konverzní pošta (hybridní);04.02.2026;Neuvedeno
47114983;;Česká pošta, s.p.;veřejnoprávní smlouva o přenesení výkonu působnosti v oblasti doručování - hromadná konverzní pošta (hybridní);04.02.2026;Neuvedeno
66362717;192256,0;SPRÁVA INFORMAČNÍCH TECHNOLOGIÍ MĚSTA PLZNĚ, příspěvková organizace;Smlouva o podmínkách realizace projektu (SoPR) - 246/PP3;04.02.2026;192 256 EUR
04095316;192256,0;Centrum pro regionální rozvoj České republiky;Smlouva o podmínkách realizace projektu (SoPR) - 246/PP3;04.02.2026;192 256 EUR
70889953;160000,0;Povodí Vltavy, státní podnik;Smlouva o podmínkách realizace projektu (SoPR) - 261/PP3;04.02.2026;160 000 EUR
04095316;160000,0;Centrum pro regionální rozvoj České republiky;Smlouva o podmínkách realizace projektu (SoPR) - 261/PP3;04.02.2026;160 000 EUR
66002222;15000000,0;Ministerstvo pro místní rozvoj;DODATEK Č. 1 k Objednávce na Cloudové Služby č. MMR_OBJ_01_2025_prodloužení termínu plnění a navýšení hodnoty objednávky;03.02.2026;15 000 000 CZK bez DPH
47114983;;Česká pošta, s.p.;veřejnoprávní smlouvy - Veřejnoprávní smlouva o přenesení výkonu působnosti v oblasti doručování;03.02.2026;Neuvedeno
66002222;;Ministerstvo pro místní rozvoj;veřejnoprávní smlouvy - Veřejnoprávní smlouva o přenesení výkonu působnosti v oblasti doručování;03.02.2026;Neuvedeno
24264369;15000000,0;Global Catering, s.r.o.;Rámcová dohoda na zajištění cateringových služeb pro MMR;03.02.2026;15 000 000 CZK bez DPH
28123395;445595,0;Artspect, a.s.;Dílčí objednávka č. 15, CES 6470 nákup kancelářského nábytku;03.02.2026;445 595 CZK bez DPH
47114983;;Česká pošta, s.p.;Veřejnoprávní smlouva o přenesení výkonu působnosti v oblasti doručování;02.02.2026;Neuvedeno
66002222;;Ministerstvo pro místní rozvoj;Veřejnoprávní smlouva o přenesení výkonu působnosti v oblasti doručování;02.02.2026;Neuvedeno
47114983;;Česká pošta, s.p.;Veřejnoprávní smlouva o přenesení výkonu působnosti v oblasti doručování;02.02.2026;Neuvedeno
66002222;;Ministerstvo pro místní rozvoj;Veřejnoprávní smlouva o přenesení výkonu působnosti v oblasti doručování;02.02.2026;Neuvedeno
64609995;1810664,0;MERIT GROUP a.s.;změna smlouvy CES 6845;02.02.2026;1 810 664 CZK bez DPH
04767543;2000000,0;Národní agentura pro komunikační a informační technologie, s. p.;Poskytnutí odborných zdrojů / kapacit při vytváření byznys analýzy a byznys architektury budoucích systémů Digitalizace stavebního řízení;02.02.2026;2 000 000 CZK bez DPH
47114983;;Česká pošta, s.p.;Veřejnoprávní smlouva o přenesení výkonu působnosti v oblasti doručování;30.01.2026;Neuvedeno
66002222;;Ministerstvo pro místní rozvoj;Veřejnoprávní smlouva o přenesení výkonu působnosti v oblasti doručování;30.01.2026;Neuvedeno
25842811;28563635,0;ABAS IPS Management s.r.o.;zajištění bezpečnostních služeb;30.01.2026;28 563 635 CZK bez DPH
47114983;;Česká pošta, s.p.;Veřejnoprávní smlouva o přenesení výkonu působnosti v oblasti doručování;29.01.2026;Neuvedeno
66002222;;Ministerstvo pro místní rozvoj;Veřejnoprávní smlouva o přenesení výkonu působnosti v oblasti doručování;29.01.2026;Neuvedeno
47114983;120000,0;Česká pošta, s.p.;Veřejnoprávní smlouva o přenesení výkonu působnosti v oblasti doručování;29.01.2026;120 000 CZK s DPH
66002222;120000,0;Ministerstvo pro místní rozvoj;Veřejnoprávní smlouva o přenesení výkonu působnosti v oblasti doručování;29.01.2026;120 000 CZK s DPH
24840645;1068624,0;zabezpečovací systémy, s.r.o.;Smlouva o poskytováníá služeb;29.01.2026;1 068 624 CZK bez DPH
73894834;500000,0;Richard Berkus;dodatek č. 1 ke smlouvě o poskytování služeb v oblasti vizuální komunikace;28.01.2026;500 000 CZK bez DPH
24298557;1800398,0;OMNILINK Services a.s.;Smlouva o dílo k VZ Nákup serverové technologie vč. podpory 2025_IV;28.01.2026;1 800 398 CZK bez DPH
;1708926,0;Gmina Miejska Kłodzko;Pevnosti bez hranic II;28.01.2026;1 708 926 EUR
47114983;;Česká pošta, s.p.;Veřejnoprávní smlouva o přenesení výkonu působnosti v oblasti doručování;27.01.2026;Neuvedeno
66002222;;Ministerstvo pro místní rozvoj;Veřejnoprávní smlouva o přenesení výkonu působnosti v oblasti doručování;27.01.2026;Neuvedeno
12584878;23742,0;Aleš Sebastianides;Dodávka a pokládka koberců včetně úprav;27.01.2026;23 742 CZK bez DPH
47114983;;Česká pošta, s.p.;Veřejnoprávní smlouva o přenesení výkonu působnosti v oblasti doručování;26.01.2026;Neuvedeno
66002222;;Ministerstvo pro místní rozvoj;Veřejnoprávní smlouva o přenesení výkonu působnosti v oblasti doručování;26.01.2026;Neuvedeno
66002222;;Ministerstvo pro místní rozvoj;Veřejnoprávní smlouva o přenesení výkonu působnosti v oblasti doručování;26.01.2026;Neuvedeno
47114983;;Česká pošta, s.p.;Veřejnoprávní smlouva o přenesení výkonu působnosti v oblasti doručování;26.01.2026;Neuvedeno
25750178;99968,0;PROTECH PRODUCTION, s.r.o.;Putovní výstava IROP - dílčí objednávka č. 29;23.01.2026;99 968 CZK bez DPH
25342282;913248,0;Naviga Advisory and Evaluation s.r.o.;Dodatek č. 2 k objednávce 94/03/CES-6656/2025/56 na zajištění evaluace s názvem Návazné zadání na Zpětnou vazbu k JNR a analýza „red flags“ pro 2028+;22.01.2026;913 248 CZK s DPH
12584878;114583,0;Aleš Sebastianides;Dodávka a pokládka kobrce včetně úpravy podkladu, kancelář S442, S443;21.01.2026;114 583 CZK bez DPH
66002222;;Ministerstvo pro místní rozvoj;Veřejnoprávní smlouva - výkon přenesené působnosti - Veřejnoprávní smlouva o přenesení výkonu působnosti v oblasti doručování;19.01.2026;Neuvedeno
47114983;;Česká pošta, s.p.;Veřejnoprávní smlouva - výkon přenesené působnosti - Veřejnoprávní smlouva o přenesení výkonu působnosti v oblasti doručování;19.01.2026;Neuvedeno
28123395;69985,0;Artspect, a.s.;Obj. č. 14 Žádost o uveřejnění dílčí obj. 14  na kancelářský nábytek;19.01.2026;69 985 CZK bez DPH
21356807;187200,0;Tina Stasiowská;Psaní článků na web IROP;19.01.2026;187 200 CZK bez DPH
66002222;956665,0;Ministerstvo pro místní rozvoj;OBJEDNÁVKA Cloudové služby číslo MMR-eTurista-OBJ03;16.01.2026;956 665 CZK bez DPH
00071854;1994301,0;Prachatické muzeum;Smlouva o podmínkách realizace projektu (SoPR) - 240/LP1;16.01.2026;1 994 301 EUR
04095316;1994301,0;Centrum pro regionální rozvoj České republiky;Smlouva o podmínkách realizace projektu (SoPR) - 240/LP1;16.01.2026;1 994 301 EUR
66002222;1331175,0;Ministerstvo pro místní rozvoj;05_Objednávka Ostatní činnosti_Příprava služby poskytování infrastruktury pro MMR NGÚP;15.01.2026;1 331 175 CZK bez DPH
12584878;63779,0;Aleš Sebastianides;Obj. č. 17/2026 Dodávka a pokládka koberce včetně úpravy podkladu;15.01.2026;63 779 CZK bez DPH
04308697;8014675,0;Aricoma Systems a.s.;Smlouva o zajištění licencí pro Centrální ServiceDesk NIPEZ;15.01.2026;8 014 675 CZK bez DPH
07340583;1960200,0;Gov Lab s.r.o.;Smlouva o poskytování evaluačních služeb v rámci veřejné zakázky „Procesní a výsledková evaluace Regionálních center na podporu investic do bydlení“;13.01.2026;1 960 200 CZK s DPH
66002222;;Ministerstvo pro místní rozvoj;Účastnická smlouva;09.01.2026;Neuvedeno
72053127;172820,0;Jihočeská centrála cestovního ruchu;Smlouva o podmínkách realizace projektu (SoPR) - 240/PP4;09.01.2026;172 820 EUR
04095316;172820,0;Centrum pro regionální rozvoj České republiky;Smlouva o podmínkách realizace projektu (SoPR) - 240/PP4;09.01.2026;172 820 EUR
07081561;91543743,0;SEVITECH CZ s.r.o.;Dodatek č. 2 ke smlouvě CES 6570, O údržbě, podpoře a rozvoji národního geoportálu územního plánování;09.01.2026;91 543 743 CZK bez DPH
31605052;91543743,0;SYNCHRONIX, a.s;Dodatek č. 2 ke smlouvě CES 6570, O údržbě, podpoře a rozvoji národního geoportálu územního plánování;09.01.2026;91 543 743 CZK bez DPH
22396098;175640,0;Centrála cestovního ruchu Plzeňského kraje, z.ú.;Smlouva o podmínkách realizace projektu (SoPR) - 240/PP6;09.01.2026;175 640 EUR
04095316;175640,0;Centrum pro regionální rozvoj České republiky;Smlouva o podmínkách realizace projektu (SoPR) - 240/PP6;09.01.2026;175 640 EUR
66002222;1425000,0;Ministerstvo pro místní rozvoj;Smlouva o poskytnutí dotace - Rozhodnutí o poskytnutní dotace - RFID bezpečnostní brána a úsporná energetická opatření - knihovna;08.01.2026;1 425 000 CZK s DPH
;916633,0;Gmina Kornowac;Čtyři živly - připravení na změnu klimatu;07.01.2026;916 633 EUR
00001350;300000000,0;Československá obchodní banka, a. s.;Smlouva o úvěru na financování a refinancování investičních akcí na zvýšení kapacity základních škol, jídelen a kuchyní;07.01.2026;300 000 000 CZK bez DPH
25307126;484179,0;MAXPROGRES, s.r.o.;Odstranění havarijního stavu integrační a zobrazovací nadstavby v objektu MMR Na Příkopě 3, P-1;06.01.2026;484 179 CZK bez DPH
00176150;499938,0;Konica Minolta Business Solutions Czech, spol. s r.o.;Dodávka, montáž a instalace modulu - lepícího zařízení PB-503;05.01.2026;499 938 CZK bez DPH
27634124;438000,0;CEFA s.r.o.;Vypracování analýzy technického stavu vzduchotechniky v objektech MMR;02.01.2026;438 000 CZK bez DPH
75259028;462825,0;Ing. Jan Homola;Expertní poradenství v oblasti obrany a dual use EU fondů;02.01.2026;462 825 CZK s DPH
64609995;15944957,0;MERIT GROUP a.s.;Nákup podpory SW společnosti Melite nutné pro běh monitorovacích systémů - jedná se o subskripci licence (pronájem).;02.01.2026;15 944 957 CZK bez DPH
66002222;213500,0;Ministerstvo pro místní rozvoj;03_Objednávka_Ostatní činnosti_Příprava služby_Datový okruh;31.12.2025;213 500 CZK bez DPH
66002222;248488,0;Ministerstvo pro místní rozvoj;04_Objednávka_Poskytování Služby konektivita pro MMR Datový okruh;31.12.2025;248 488 CZK bez DPH
66002222;367500,0;Ministerstvo pro místní rozvoj;07_Objednávka_Ostatní činnosti_Příprava a konfigurace služby Konektivita pro MMR Landing zóna;31.12.2025;367 500 CZK bez DPH
66002222;;Ministerstvo pro místní rozvoj;Dodatek č. 1 k Objednávce na Cloudové Služby č. MMR-eTurista-OBJ02_prodloužení doby plnění;31.12.2025;Neuvedeno
66002222;11740000,0;Ministerstvo pro místní rozvoj;Dodatek č. 1 k Rámcové smlouvě o poskytování cloudové platformy Azure_navýšení maximální souhrnné ceny smlouvy;31.12.2025;11 740 000 CZK bez DPH
64609995;2074664,0;MERIT GROUP a.s.;Prodloužení technické podpory u již vlastněných SW licencí a HW prvků. Jedná se o produkty společností HP a Broadcom.;31.12.2025;2 074 664 CZK bez DPH
04767543;;Národní agentura pro komunikační a informační technologie, s. p.;Dodatek č. 2 k rámcové smlouvě o poskytování konzultačních služeb;30.12.2025;Neuvedeno
07897758;430000,0;Participation Factory s.r.o.;Stakeholder mapping, zajištění facilitace dvou setkání a zpracování závěrečného reportu;30.12.2025;430 000 CZK bez DPH
;150000,0;MANUFACTURE FRANCAISE DES PNEUMATIQUES MICHELIN;CES 6491 - MICHELIN CULINARY AUDIT AGREEMENT ( Analýza potenciálu);29.12.2025;150 000 CZK bez DPH
62419641;500000,0;TRASK SOLUTIONS a.s.;poskytování expertních služeb v oblasti návrhu infrastrukturních služeb, zahrnující migraci stávající infrastruktury a vypracování high-level architektury v rámci IT Transformačního programu;19.12.2025;500 000 CZK bez DPH
25056981;499000,0;KVĚTINOVÉ STUDIO BUBENÍČKOVÁ s.r.o.;Květinová výzdoba a údržba zeleně na MMR;19.12.2025;499 000 CZK bez DPH
11769327;130000,0;IT PORADCE s.r.o.;Úpravy webové aplikace Vesnice roku;19.12.2025;130 000 CZK bez DPH
17651921;130000,0;Digitální a informační agentura;Úpravy webové aplikace Vesnice roku;19.12.2025;130 000 CZK bez DPH
45694486;399000,0;Josef Bárta;Oprava, údržba, montáž a dodání nových žaluzií do budov MMR;19.12.2025;399 000 CZK bez DPH
25750178;98218,0;PROTECH PRODUCTION, s.r.o.;Putovní výstava IROP - dílčí objednávka č. 28;19.12.2025;98 218 CZK bez DPH
45309612;344895340,0;S u b t e r r a a.s.;Smlouva  o dílo - Intenzifikace a zkapacitnění ČOV Brandýs n.L.;19.12.2025;344 895 340 CZK bez DPH
27195147;344895340,0;SMP CZ, a.s.;Smlouva  o dílo - Intenzifikace a zkapacitnění ČOV Brandýs n.L.;19.12.2025;344 895 340 CZK bez DPH
25898795;180000,0;ATLAS software a.s.;předplatné programu CODEXIS dokoupení 50 000 000 kreditů na 3 roky;18.12.2025;180 000 CZK bez DPH
01572377;247559756,0;Seyfor, a. s.;Dodatek č. 2 ke Smlouvě o dodávce HW a SW včetně technické podpory pro produkční prostředí MS2021+ - proprietární HW a SW ORACLE;18.12.2025;247 559 756 CZK bez DPH
21528772;5748496,0;A ADVERTISING COMMUNICATION, s.r.o.;Kampaně 2026;18.12.2025;5 748 496 CZK bez DPH
07081561;91543743,0;SEVITECH CZ s.r.o.;Dodatek č. 2 ke smlouvě CES 6570, O údržbě, podpoře a rozvoji národního geoportálu územního plánování;18.12.2025;91 543 743 CZK bez DPH
31605052;91543743,0;SYNCHRONIX, a.s;Dodatek č. 2 ke smlouvě CES 6570, O údržbě, podpoře a rozvoji národního geoportálu územního plánování;18.12.2025;91 543 743 CZK bez DPH
25892533;59600000,0;TESCO SW a.s.;Dodatek č. 4 ke Smlouvě o pořízení monitorovacího systému MS2021+ (MS21+) včetně zajištění servisních a rozvojových služeb evidované pod č. 6005 v CES;17.12.2025;59 600 000 CZK bez DPH
25892533;80016000,0;TESCO SW a.s.;Dodatek č. 3 ke Smlouvě o zajištění servisních a rozvojových služeb aplikace MS14+ evidované pod č. 6004 v CES;17.12.2025;80 016 000 CZK bez DPH
48036315;195909,0;DEREZA, společnost s ručením omezeným;Předmětem dodatku jsou drobné změny předmětu díla.;17.12.2025;195 909 CZK bez DPH
25844822;302500,0;Omnis Olomouc, a.s.;Produkční a logistické zajištění prezentace Objednatele v rámci INFORM EU Communication Lab v Plzni ve dnech 11.-13.3. 2026;17.12.2025;302 500 CZK s DPH
48111198;7800,0;ACTIVA spol. s r.o.;Nákup mikrovlnné trouby - 5 ks obj. č. 718/2025;17.12.2025;7 800 CZK bez DPH
66002222;2849905,0;Ministerstvo pro místní rozvoj;Rozhodnutí o poskytnutí dotace - Rozhodnutí o poskytnutí dotace - chodník Vančurova;16.12.2025;2 849 905 CZK s DPH
24183857;8640000,0;Fénix Security s.r.o.;Nájem parkovacích stání pro autopark MMR;16.12.2025;8 640 000 CZK bez DPH
00176150;89770,0;Konica Minolta Business Solutions Czech, spol. s r.o.;prodloužení stávajícího maintenance SafeQ;16.12.2025;89 770 CZK bez DPH
00505609;92500,0;Klub českých turistů;Inzerci v časopise Turista pro rok 2026;16.12.2025;92 500 CZK bez DPH
43226477;795893,0;PB - C E N T R U M  spol. s r.o.;Úprava paušálních výdajů spojených s užíváním předmětu nájmu.;15.12.2025;795 893 CZK bez DPH
62417339;90000,0;RELSIE consulting s.r.o.;Provedení certifikace funkcionality elektronického nástroje NEN;15.12.2025;90 000 CZK bez DPH
10776966;157300,0;STUDIO PODCAST s.r.o.;Realizaci audio a video podcastů „Evropské fondy“;15.12.2025;157 300 CZK s DPH
04402405;146000,0;Mgr. Dominik Novák;zajištění provozu webové aplikace pro refundaci sociálních pohřbů;15.12.2025;146 000 CZK bez DPH
26454807;245000,0;HAVEL & PARTNERS s.r.o., advokátní kancelář;Dohoda o vypořádání poskytnutého plnění;12.12.2025;245 000 CZK bez DPH
14889749;294330,0;ARCDATA PRAHA, s.r.o.;prodloužení poskytování služeb systémové podpory (Esri standardní maintenance) ArcGIS licencí;12.12.2025;294 330 CZK bez DPH
24775487;200000,0;Algotech, a.s.;Zajištění služeb mimo servisní paušál AVAYA;12.12.2025;200 000 CZK bez DPH
26343657;53604,0;Úhlava, o.p.s.;Smlouva o podmínkách realizace projektu (SoPR) - 258/PP3;12.12.2025;53 604 EUR
04095316;53604,0;Centrum pro regionální rozvoj České republiky;Smlouva o podmínkách realizace projektu (SoPR) - 258/PP3;12.12.2025;53 604 EUR
24775487;294000,0;Algotech, a.s.;Objednávka prodloužení servisní podpory AVAYA;12.12.2025;294 000 CZK bez DPH
60077638;6619563,0;Dům dětí a mládeže, České Budějovice, U Zimního stadionu 1;"DDM ČB - Smlouva o poskytnutí NFV na realizaci projektu &quot;Výstavba srubu v Přední Výtoni&quot;";12.12.2025;6 619 563 CZK bez DPH
60077638;6619563,0;Dům dětí a mládeže, České Budějovice, U Zimního stadionu 1;"DDM ČB - Smlouva o poskytnutí dotace JčK na kofinancování projektu &quot;Výstavba srubu v Přední Výtoni&quot;";12.12.2025;6 619 563 CZK bez DPH
47916745;1144400,0;K-net Technical International Group, s.r.o.;Smlouva o dílo a smlouva o poskytování servisní podpory pro část C: EDR ochrana koncových stanic a serverů;12.12.2025;1 144 400 CZK bez DPH
66002222;;Ministerstvo pro místní rozvoj;Účastnická smlouva;11.12.2025;Neuvedeno
08841179;194000,0;Práce ze Dvora s.r.o.;instalace / implementace kabeláže ohl. propojení datových rozvaděčů;11.12.2025;194 000 CZK bez DPH
63078236;118800,0;Software602 a.s.;zajištění služby vzdáleného pečetění;11.12.2025;118 800 CZK bez DPH
63078236;198000,0;Software602 a.s.;zajištění služby vzdáleného podepisování;11.12.2025;198 000 CZK bez DPH
42409152;1882660,0;Dům dětí a mládeže, Jindřichův Hradec, Růžová 10;"DDM JH - Smlouva o poskytnutí dotace JčK na úhradu nezpůsobilých výdajů projektu &quot;Vybudování nové učebny zastřešením terasy DDM JH&quot;";11.12.2025;1 882 660 CZK bez DPH
42409152;2050000,0;Dům dětí a mládeže, Jindřichův Hradec, Růžová 10;"DDM JH - Smlouva o poskytnutí dotace JčK na kofinancování projektu &quot;Vybudování nové učebny zastřešením terasy DDM JH&quot;";11.12.2025;2 050 000 CZK bez DPH
42409152;2050000,0;Dům dětí a mládeže, Jindřichův Hradec, Růžová 10;"DDM JH - Smlouva o poskytnutí NFV z rozpočtu JčK na realizaci projektu &quot;Vybudování nové učebny zastřešením terasy DDM JH&quot;";11.12.2025;2 050 000 CZK bez DPH
26343673;338478,0;AUTOCENTRUM JAN ŠMUCLER s.r.o.;Kupní smlouva podle Rámcové dohody k veřejné zakázce s názvem „Centrální nákup osobních vozidel – kategorie 1B benzin manuál“ - nákup 1 ks vozidla.;11.12.2025;338 478 CZK bez DPH
09305394;83500,0;SK stavby - zámečnictví a.s.;Oprava vyhořelých rozvaděčů a nefunkčního panelu VZT , objekt MMR Salvátorská;10.12.2025;83 500 CZK bez DPH
27552233;198283,0;Hotel Start Jičín, s.r.o.;uskutečnění výjezdní porady MMR s kraji ke stavebnímu řádu;10.12.2025;198 283 CZK bez DPH
06313779;150000,0;Tomáš Pavelka, Tomáš Pavelka;Poradenské služby;10.12.2025;150 000 CZK bez DPH
73757870;493000,0;Mgr. Miroslav Koželuh;Zabezpečení kamenných plastik MMR Pařížská;10.12.2025;493 000 CZK bez DPH
60650745;6500000,0;Základní umělecká škola, Strakonice, Kochana z Prachové 263;"ZUŠ Strakonice - Smlouva o poskytnutí NFV z rozpočtu JčK na realizaci projektu &quot;Vybudování učeben pro zpracování hudby s využitím IT ve výuce a nahrávacího studia&quot;";10.12.2025;6 500 000 CZK bez DPH
60650745;6500000,0;Základní umělecká škola, Strakonice, Kochana z Prachové 263;"ZUŠ Strakonice - Smlouva o poskytnutí dotace JčK na kofinancování projektu „Vybudování učeben  pro zpracování hudby s využitím IT ve výuce a nahrávacího studia&quot;";10.12.2025;6 500 000 CZK bez DPH
48111198;21000,0;ACTIVA spol. s r.o.;Skartovací stroj 3 kusy obj. č. 709/2025;09.12.2025;21 000 CZK bez DPH
27655083;123670,0;ARISTOKRAT CATERING, s.r.o.;Strategická konference k cílům roku 2026;09.12.2025;123 670 CZK bez DPH
48111198;25275,0;ACTIVA spol. s r.o.;Objednávka drobného elektra - lampičky, rychlovarné konvice, kávovar;09.12.2025;25 275 CZK bez DPH
27373665;83600,0;OKsystem a.s.;služby a úpravy OKbase;09.12.2025;83 600 CZK bez DPH
03980481;255600,0;Mediaboard s.r.o.;monitoring medií;09.12.2025;255 600 CZK bez DPH
88850005;153400,0;Karel Sedlák;Obj. č. 696 - odborné zkoušky a inspekční prohlídky výtahů na MMR;09.12.2025;153 400 CZK bez DPH
21528772;10140000,0;A ADVERTISING COMMUNICATION, s.r.o.;Rámcová dohoda na zajištění kreativních řešení a výroby informačních kampaní  v oblasti fondů EU 2, část A – zajištění strategicko-kreativních služeb s důrazem na ATL komunikaci;08.12.2025;10 140 000 CZK bez DPH
26944022;29350000,0;Mitrenga-stavby, spol. s r.o.;Výstavba cyklistické stezky Židlochovice přes silnici II/425 (II);05.12.2025;29 350 000 CZK bez DPH
18630197;18882889,0;KONSIT a.s.;Smlouva - Denní stacionář;05.12.2025;18 882 889 CZK bez DPH
66002222;127500000,0;Ministerstvo pro místní rozvoj;Rozhodnutí a Podmínky o poskytnutí dotace - Revitalizace přestup. uzlu Náměstí republiky;04.12.2025;127 500 000 CZK bez DPH
45805369;8217,0;ŠkoFIN s.r.o.;Předmětem smlouvy je změna doby leasingu na základě smlouvy č. 1225069;03.12.2025;8 217 CZK bez DPH
45805369;8217,0;ŠkoFIN s.r.o.;Změna doby leasingu na základě nájemní smlouvy č. 1225068;03.12.2025;8 217 CZK bez DPH
45805369;8295,0;ŠkoFIN s.r.o.;Předmětem smlouvy je změna doby leasingu na základě smlouvy č. 1225067;03.12.2025;8 295 CZK bez DPH
66002222;;Ministerstvo pro místní rozvoj;Ostatní - Memorandum o spolupráci v rámci implementace Národní strategie veřejného zadávaní v České republice pro období let 2024 až 2028 - profesionalizace;03.12.2025;Neuvedeno
88149960;200000,0;Frederick Rooks;překlady odborných publikací EDICE MMR PRO OBCE, materiálů pro prezentaci výzkumné konference MMR a prezentaci agend CLLD a projektů 5G z českého jazyka do anglického jazyka.;03.12.2025;200 000 CZK bez DPH
17651921;200000,0;Digitální a informační agentura;překlady odborných publikací EDICE MMR PRO OBCE, materiálů pro prezentaci výzkumné konference MMR a prezentaci agend CLLD a projektů 5G z českého jazyka do anglického jazyka.;03.12.2025;200 000 CZK bez DPH
25911571;298000,0;IMPRESS Art Design s.r.o.;Propagační předměty k prezentaci soutěže Vesnice roku 2026;03.12.2025;298 000 CZK bez DPH
17651921;298000,0;Digitální a informační agentura;Propagační předměty k prezentaci soutěže Vesnice roku 2026;03.12.2025;298 000 CZK bez DPH
27166775;2301984,0;LOCKAR Automotive s.r.o.;Operativní leasing 3 elektromobilů na 48 měsíců.;03.12.2025;2 301 984 CZK bez DPH
60838744;;STRABAG a.s.;II/272 Benátky nad Jizerou, připojení na silnici III/27212 - ZBV 7-11;03.12.2025;-2 600 550 CZK bez DPH
27176100;92960,0;Attack Promotion s.r.o.;zajištění PR předmětů;02.12.2025;92 960 CZK bez DPH
60076658;180000,0;Jihočeská univerzita v Českých Budějovicích;Zajištění konference výzkum 2026, ČB;02.12.2025;180 000 CZK bez DPH
17651921;180000,0;Digitální a informační agentura;Zajištění konference výzkum 2026, ČB;02.12.2025;180 000 CZK bez DPH
61057606;3635908,0;Komwag, podnik čistoty a údržby města, a.s.;Služby spočívající v odvozu a likvidaci odpadu Odvoz a likvidace odpadu v objektech MMR (Staroměstské nám, Na Příkopě, Letenská, Velehradská, Vinohradská);02.12.2025;3 635 908 CZK bez DPH
11695404;52800,0;Business Video Production s.r.o.;Videoreportáže o projektech IROP - dílčí pokyn k plnění č. 7;02.12.2025;52 800 CZK bez DPH
88850005;317100,0;Karel Sedlák;Havarijní oprava motoru výtahu v objektu Na Příkopě 5, Praha 1;02.12.2025;317 100 CZK bez DPH
02832275;205985,0;Dvůr Pecínov s.r.o.;Zajištění výjezdního zasedání Odboru dodávek a kvality služeb AS, 3. – 4. prosince 2025;02.12.2025;205 985 CZK s DPH
09089195;150000,0;Naše kultivovaná města, z. s.;služby spojené s přípravou a tvorbou audiovizuálních děl (reels) z témat publikací EDICE MMR PRO OBCE se záměrem kultivace veřejného prostoru.;02.12.2025;150 000 CZK bez DPH
17651921;150000,0;Digitální a informační agentura;služby spojené s přípravou a tvorbou audiovizuálních děl (reels) z témat publikací EDICE MMR PRO OBCE se záměrem kultivace veřejného prostoru.;02.12.2025;150 000 CZK bez DPH
49240480;695272,0;UNIQA pojišťovna, a.s.;Dodatek č. 3 k Pojistné smlouvě č. 2024/0131 - o poj. majetku, odpovědnosti a škod v ubyt. DPČ;02.12.2025;695 272 CZK bez DPH
16188641;8658230,0;ALWIL Trade, spol. s r.o.;"Prováděcí smlouva č. 2025 - 037 k Rámcové dohodě na pořizování licencí produktů VMware 2023
 (AVISme 2025003070)";02.12.2025;8 658 230 CZK bez DPH
25342282;913248,0;Naviga Advisory and Evaluation s.r.o.;Dodatek č. 1  k objednávce 94/03/CES-6656/2025/56 na zajištění evaluace s názvem Návazné zadání na Zpětnou vazbu k JNR a analýza „red flags“ pro 2028+;01.12.2025;913 248 CZK s DPH
26137585;164560,0;IBRS - International Business and Research Services s.r.o.;Zajištění evaluace s názvem Vyhodnocení obsahové spolupráce s deníky;01.12.2025;164 560 CZK s DPH
65975707;1900000,0;Stanislav Pecháček;Fotografické služby pro IROP - rámcová dohoda;01.12.2025;1 900 000 CZK bez DPH
27034925;95000,0;Místní akční skupina Rožnovsko, z.s.;Zpracování případové studie Ex-post evaluace MAS Kelečsko;01.12.2025;95 000 CZK bez DPH
04739507;297000,0;PHOTOONE s.r.o.;Služba spojená s výrobou, produkcí a postprodukční činností, k zajištění                  10ti audiovizuálních děl (podcastů) v rámci činnosti výzkumu, inovace v regionální politice s následnou aplikací pro samosprávu;01.12.2025;297 000 CZK bez DPH
17651921;297000,0;Digitální a informační agentura;Služba spojená s výrobou, produkcí a postprodukční činností, k zajištění                  10ti audiovizuálních děl (podcastů) v rámci činnosti výzkumu, inovace v regionální politice s následnou aplikací pro samosprávu;01.12.2025;297 000 CZK bez DPH
25289462;145354,0;CSF, s.r.o.;Dodávka ICT vybavení.;28.11.2025;145 354 CZK bez DPH
24270890;115527,0;Aegidius s.r.o., Aegidius s.r.o.;Objednávka workshop NPO 4.1.3;28.11.2025;115 527 CZK bez DPH
25750178;60488,0;PROTECH PRODUCTION, s.r.o.;Putovní výstava IROP - dílčí objednávka č. 27;28.11.2025;60 488 CZK bez DPH
28241266;71875,0;TITIO s.r.o.;Programátorské práce;26.11.2025;71 875 CZK bez DPH
71294376;1080000,0;Projektová kancelář Kraje Vysočina, příspěvková organizace;Smlouva o poskytování služeb - zajištění provozu, správy a administrace informačního systému GINIS původních 6 regionálních rad (RR) mimo RR Severozápad;26.11.2025;1 080 000 CZK bez DPH
16188781;27474391,0;Com-Sys TRADE spol.s r.o.;Prodloužení technické podpory produktů společnosti Oracle u již vlastněných SW licencí a HW prvků pro Monitorovací systémy.;26.11.2025;27 474 391 CZK bez DPH
25187937;;RERA a.s.;Dodatek č. 1 ke Smlouvě o podmínkách realizace projektu (SoPR) - 019/PP3;26.11.2025;Neuvedeno
04095316;;Centrum pro regionální rozvoj České republiky;Dodatek č. 1 ke Smlouvě o podmínkách realizace projektu (SoPR) - 019/PP3;26.11.2025;Neuvedeno
04739507;297000,0;PHOTOONE s.r.o.;službu spojenou s výrobou, produkcí a postprodukční činností, k zajištění                  10ti audiovizuálních děl (podcastů) v rámci činnosti výzkumu, inovace v regionální politice s následnou aplikací pro samosprávu.;26.11.2025;297 000 CZK bez DPH
17651921;297000,0;Digitální a informační agentura;službu spojenou s výrobou, produkcí a postprodukční činností, k zajištění                  10ti audiovizuálních děl (podcastů) v rámci činnosti výzkumu, inovace v regionální politice s následnou aplikací pro samosprávu.;26.11.2025;297 000 CZK bez DPH
66002222;;Ministerstvo pro místní rozvoj - odbor správy programů, Kristina Princová;Veřejnoprávní smlouva o výkonu některých úkolů poskytovatele dotace subjektem realizace v rámci realizace národních dotačních programů;25.11.2025;Neuvedeno
;;Centrum pro regionální rozvoj, Petr Štěpánek;Veřejnoprávní smlouva o výkonu některých úkolů poskytovatele dotace subjektem realizace v rámci realizace národních dotačních programů;25.11.2025;Neuvedeno
25719751;199750,0;Mark2 Corporation Czech a.s.;Obj. č. 670/2025 - Stavební úpravy místnosti č. 140 na MMR;25.11.2025;199 750 CZK bez DPH
26548526;141101,0;POST BELLUM, z. ú.;Smlouva o podmínkách realizace projektu (SoPR) - 260/PP2;25.11.2025;141 101 EUR
04095316;141101,0;Centrum pro regionální rozvoj České republiky;Smlouva o podmínkách realizace projektu (SoPR) - 260/PP2;25.11.2025;141 101 EUR
28340132;81176,0;Equifarm, s.r.o.;Občerstvení a nápoje na Výroční konferenci IROP;25.11.2025;81 176 CZK bez DPH
60816929;25320000,0;Gymnázium, Dačice, Boženy Němcové 213;"Gymnázium Dačice - Smlouva o poskytnutí dotace Jčk na úhradu nezpůsobilých výdajů projektu &quot;Přístavba budovy Gymnázia Dačice&quot;";25.11.2025;25 320 000 CZK bez DPH
40229645;419680,0;HAiDA s.r.o.;Zajištění správy a administrace IS GINIS provozovaného na cloudovém úložišti společnosti HAiDA s.r.o. (Regionální rada Severozápad);24.11.2025;419 680 CZK bez DPH
03665496;405000,0;ALTEPRO solutions a.s.;Objednávka - dodávka licencí a podpora eSight;21.11.2025;405 000 CZK bez DPH
45770743;100000,0;Česká komora autorizovaných inženýrů a techniků činných ve výstavbě;Prezentace a propagace aktivit Ministerstva pro místní rozvoj v rámci podpory 21. ročníku soutěže Cena Inženýrské komory 2024;21.11.2025;100 000 CZK bez DPH
09089195;98000,0;Naše kultivovaná města, z. s.;organizačně-technické zajištění prezentaci nově vydaných publikací z EDICE MMR PRO dne 24.- 25.11. 2025;21.11.2025;98 000 CZK bez DPH
17651921;98000,0;Digitální a informační agentura;organizačně-technické zajištění prezentaci nově vydaných publikací z EDICE MMR PRO dne 24.- 25.11. 2025;21.11.2025;98 000 CZK bez DPH
09089195;98000,0;Naše kultivovaná města, z. s.;organizačně-technické zajištění prezentaci nově vydaných publikací z EDICE MMR PRO dne 24.- 25.11. 2025;21.11.2025;98 000 CZK bez DPH
17651921;98000,0;Digitální a informační agentura;organizačně-technické zajištění prezentaci nově vydaných publikací z EDICE MMR PRO dne 24.- 25.11. 2025;21.11.2025;98 000 CZK bez DPH
09089195;98000,0;Naše kultivovaná města, z. s.;organizačně-technické zajištění prezentaci nově vydaných publikací z EDICE MMR PRO dne 24.- 25.11. 2025;21.11.2025;98 000 CZK bez DPH
17651921;98000,0;Digitální a informační agentura;organizačně-technické zajištění prezentaci nově vydaných publikací z EDICE MMR PRO dne 24.- 25.11. 2025;21.11.2025;98 000 CZK bez DPH
60077344;118422,0;Biologické centrum AV ČR, v. v. i.;Smlouva o podmínkách realizace projektu (SoPR) - 239/PP3;20.11.2025;118 422 EUR
04095316;118422,0;Centrum pro regionální rozvoj České republiky;Smlouva o podmínkách realizace projektu (SoPR) - 239/PP3;20.11.2025;118 422 EUR
45769371;200000,0;ČESKÁ KOMORA ARCHITEKTŮ;Zajištění plnění opatření PASK;20.11.2025;200 000 CZK bez DPH
27885348;62000,0;Agora CE o.p.s.;Moderace a facilitace celodenní konference;19.11.2025;62 000 CZK bez DPH
43690823;498500,0;Martin Kříž;Havarijní oprava parapetů, těsnění oken, meziokenních vložek a okapu v budově MMR.;19.11.2025;498 500 CZK bez DPH
24270890;80705,0;Aegidius s.r.o.;uskutečnění zasedání PS k prezentaci návrhu Analytické části Územní studie Pražského metropolitního plánu;14.11.2025;80 705 CZK bez DPH
46161988;300000,0;Barbora Augustová;objednáváme grafické zpracování publikací, aktualizace a přípravu cizojazyčných verzí z edice MMR PRO OBCE a pro účely medializace činností odboru regionální politiky;14.11.2025;300 000 CZK bez DPH
17651921;300000,0;Digitální a informační agentura;objednáváme grafické zpracování publikací, aktualizace a přípravu cizojazyčných verzí z edice MMR PRO OBCE a pro účely medializace činností odboru regionální politiky;14.11.2025;300 000 CZK bez DPH
75081431;122900,0;Vysoká škola technická a ekonomická v Českých Budějovicích;Smlouva o podmínkách realizace projektu (SoPR) - 244/PP2;13.11.2025;122 900 EUR
04095316;122900,0;Centrum pro regionální rozvoj České republiky;Smlouva o podmínkách realizace projektu (SoPR) - 244/PP2;13.11.2025;122 900 EUR
00250805;;Město Vimperk;Dodatek č. 1 ke Smlouvě o podmínkách realizace projektu (SoPR) - 019/PP2;13.11.2025;Neuvedeno
04095316;;Centrum pro regionální rozvoj České republiky;Dodatek č. 1 ke Smlouvě o podmínkách realizace projektu (SoPR) - 019/PP2;13.11.2025;Neuvedeno
27655083;124641,0;ARISTOKRAT CATERING, s.r.o.;Občerstvení pro projekt financovaný z NPO Národní plán obnovy Faktura za občerstvení bude hrazena z projektu Metodická podpora a modernizace veřejných nákupů;13.11.2025;124 641 CZK bez DPH
07081561;51800,0;SEVITECH CZ s.r.o.;stěhování HW a IT komponent;13.11.2025;51 800 CZK bez DPH
40767141;268000,0;AND, spol. s r.o.;Realizace drenáží a odvodnění Barrandov - PD;12.11.2025;268 000 CZK bez DPH
04084063;529375,0;CETIN a.s.;Pronájem části stožáru a technologického prostoru;12.11.2025;529 375 CZK s DPH
07081561;73911243,0;SEVITECH CZ s.r.o.;Dodatek č. 1 ke smlouvě o údržbě, podpoře a rozvoji národního geoportálu územního plánování;12.11.2025;73 911 243 CZK bez DPH
31605052;73911243,0;SYNCHRONIX, a.s;Dodatek č. 1 ke smlouvě o údržbě, podpoře a rozvoji národního geoportálu územního plánování;12.11.2025;73 911 243 CZK bez DPH
25696815;492419,0;Computer Technology v.o.s.;Objednávka spotřebního materiálu do velkoprodukčních kopírek;12.11.2025;492 419 CZK bez DPH
64949681;6251,0;T-Mobile Czech Republic a.s.;Prováděcí smlouva č. 2025 - 115 k Rámcové dohodě na pořizování produktů Microsoft (AVISme 2025002902);12.11.2025;6 251 CZK bez DPH
66002222;1594442,0;Ministerstvo pro místní rozvoj;Objednávka MMR-eTurista-OBJ02_Cloudové služby;11.11.2025;1 594 442 CZK bez DPH
07030894;556600,0;Evergreen Advisory, s.r.o.;Konzultační a poradenská služba pro oblast finančních nástrojů ve fondech EU, v souvislosti s plněním úkolů dle UV č. 490/2025;11.11.2025;556 600 CZK s DPH
26910560;1086300,0;A-WebSys, spol. s r.o.;Rozvoj a podpora ISPZ;10.11.2025;1 086 300 CZK bez DPH
28123395;485009,0;Artspect, a.s.;Kancelářský nábytek, dílčí obj. č.13;07.11.2025;485 009 CZK bez DPH
27655083;241384,0;ARISTOKRAT CATERING, s.r.o.;Catering na 11. konferenci Evaluační jednotky NOK;07.11.2025;241 384 CZK s DPH
07877552;180827,0;Nadace Automatické mlýny;uskutečnění výjezdní porady MMR s krajskými úřady územního plánování, MHMP a ÚÚR;07.11.2025;180 827 CZK bez DPH
41694538;78965,0;A L K O M - I P C spol. s r.o.;uskutečnění výjezdní porady státní tajemnice MMR a ředitelů odborů;06.11.2025;78 965 CZK bez DPH
71557989;97500,0;RNDr. Marie Feřtrová, Ph.D.;Expertní poradenství pro realizaci plnění VZ Hodnocení rozmístění vybraných investic IROP zahrnující koučink a mentoring.;06.11.2025;97 500 CZK bez DPH
04620852;500000,0;Analytics Data Factory s.r.o.;Dodatek k objednávce 440/2025-64 na odborné služby IT architekta k zajištění návrhu datových center pro kritickou infastrukturu a příprava migračního plánu.;05.11.2025;500 000 CZK bez DPH
45359041;14510358,0;STRABAG Silnice a.s.;Smlouva o dílo - Rekonstrukce inženýrských sítí, uličního prostoru a sadové úpra;05.11.2025;14 510 358 CZK bez DPH
41152832;11128,0;Clingendael Institute;zajištění třídenního prezenčního workshopu  Negotiations within the European Union for the Czech National Coordination Authority;04.11.2025;11 128 EUR
25842811;28492917,0;ABAS IPS Management s.r.o.;Dodatek č. 16 Smlouvy o zajištění bezpečnostních služeb;04.11.2025;28 492 917 CZK bez DPH
66002222;445536,0;Ministerstvo pro místní rozvoj;Poskytnutí dotace ze SR Odstraňování překážek přeshraniční spolupráce;03.11.2025;445 536 CZK s DPH
01572377;490000,0;Seyfor, a. s.;podpora produktů Microsoft 365 včetně Intune a MDM.;03.11.2025;490 000 CZK bez DPH
11695404;52800,0;Business Video Production s.r.o.;Videoreportáže o projektech IROP - dílčí pokyn k plnění č. 6;03.11.2025;52 800 CZK bez DPH
44947909;27530871,0;Nemocnice Tišnov, příspěvková organizace;Smlouva o úvěru;03.11.2025;27 530 871 CZK s DPH
05099994;827960,0;exe, a.s., odštěpný závod;Prováděcí smlouva č. 2025 - 114 k Rámcové dohodě na pořizování produktů Microsoft (AVISme 2025002803);03.11.2025;827 960 CZK bez DPH
70891168;17463,0;Karlovarský kraj;Smlouva o podmínkách realizace projektu (SoPR) - 245/PP2;31.10.2025;17 463 EUR
04095316;17463,0;Centrum pro regionální rozvoj České republiky;Smlouva o podmínkách realizace projektu (SoPR) - 245/PP2;31.10.2025;17 463 EUR
70994226;50600,0;České dráhy, a.s.;Pronájem vlaku na MV;31.10.2025;50 600 CZK bez DPH
12584878;159118,0;Aleš Sebastianides;Výměna koberců dle OBJ č. 16/2025/CES6355;31.10.2025;159 118 CZK bez DPH
62913972;320727,0;RELIMEX spol. s r .o.;Předmětem dohody je kompenzace za uskladnění dokumentů nad rámec smlouvy CES č. 6125;31.10.2025;320 727 CZK bez DPH
12584878;112639,0;Aleš Sebastianides;Výměna koberců dle OBJ č. 15/2025/CES6355;31.10.2025;112 639 CZK bez DPH
66002222;15550270,0;Ministerstvo pro místní rozvoj;Změnové Rozhodnutí a Podmínky o poskytnutí dotace (č.2)- Inteligentní zastávky - II.etapa;30.10.2025;15 550 270 CZK bez DPH
27451925;448000,0;Cetag, s.r.o.;znalecký posudek na dílčí plnění ze smlouvy;30.10.2025;448 000 CZK bez DPH
27156052;242564,0;Moudrý překlad, s.r.o.;Výjezdní zasedání ŘO IROP;30.10.2025;242 564 CZK bez DPH
26343673;184133384,0;AUTOCENTRUM JAN ŠMUCLER s.r.o.;Rámcová dohoda na dodávky osobních automobilů - kategorie 1B benzin manuál  (AVISme 2025002768);30.10.2025;184 133 384 CZK bez DPH
26284146;;OR-NEXT spol. s r.o., Ing. Petr Moravec;Dohoda o ukončení smlouvy CES 6691;27.10.2025;Neuvedeno
26284146;;OR-NEXT spol. s r.o., Ing. Petr Moravec;Dohoda o ukončení smlouvy CES 6991;27.10.2025;Neuvedeno
02298449;583173,0;Strategická rada regionu Broumovsko, o.p.s.;Rozhodnutí o poskytnutí dotace;27.10.2025;583 173 CZK s DPH
66002222;583173,0;Ministerstvo pro místní rozvoj;Rozhodnutí o poskytnutí dotace;27.10.2025;583 173 CZK s DPH
02298449;314699,0;Strategická rada regionu Broumovsko, o.p.s.;Rozhodnutí o poskytnutí dotace na projekt realizovaný v rámci programu Interreg Česko-Polsko 2021 - 2027;27.10.2025;314 699 EUR
66002222;314699,0;Ministerstvo pro místní rozvoj;Rozhodnutí o poskytnutí dotace na projekt realizovaný v rámci programu Interreg Česko-Polsko 2021 - 2027;27.10.2025;314 699 EUR
26284146;70248000,0;OR-NEXT spol. s r.o.;Zajištění podpor SW produktů TESCO SW nutných pro chod monitorovacích systémů. Jedná se např. o produkt FAMA a další na dobu 1 roku.;27.10.2025;70 248 000 CZK bez DPH
26284146;70248000,0;OR-NEXT spol. s r.o.;Zajištění podpor SW produktů TESCO SW nutných pro chod monitorovacích systémů. Jedná se např. o produkt FAMA a další na dobu 1 roku.;26.10.2025;70 248 000 CZK bez DPH
25342282;1321320,0;Naviga Advisory and Evaluation s.r.o.;Analýza možných metodických přístupů ke costingu pro přípravu 2028+;24.10.2025;1 321 320 CZK s DPH
24298557;103883,0;OMNILINK Services a.s.;dodávka, instalace a konfigurace IP mikrofonů;24.10.2025;103 883 CZK bez DPH
47115068;282000,0;Česká tisková kancelář;přístup do infobanky;23.10.2025;282 000 CZK bez DPH
25750178;94466,0;PROTECH PRODUCTION, s.r.o.;Putovní výstava IROP - dílčí objednávka č. 26;23.10.2025;94 466 CZK bez DPH
47052856;66073,0;P.H. GASTRO s.r.o.;Výjezdní zasedání pracovního týmu projektu NPO 4.1.2 ve dnech 26.11. – 27.11. 2025 v Resortu Hulín;22.10.2025;66 073 CZK bez DPH
00583171;;Správa Národního parku Šumava;Dodatek č. 1 ke Smlouvě o podmínkách realizace projektu (SoPR) - 001/PP2;22.10.2025;Neuvedeno
04095316;;Centrum pro regionální rozvoj České republiky;Dodatek č. 1 ke Smlouvě o podmínkách realizace projektu (SoPR) - 001/PP2;22.10.2025;Neuvedeno
11695404;500000,0;Business Video Production s.r.o.;Videoreportáže o projektech IROP - dílčí pokyn k plnění č. 5;22.10.2025;500 000 CZK bez DPH
75445034;132000,0;Ing. Lukáš Melecký;Odbornou přípravu, včetně přípravy doplňujících studijních materiálů pro účastníky vzdělávání, odbornou podporu scénáristy a dramaturga kurzu a lektorské zajištění video on demand semináře (natáčení) na téma Dotace EU a projektové řízení;22.10.2025;132 000 CZK s DPH
07522193;217800,0;Staněk Consulting s.r.o.;realizace prezenčních workshopů na téma Tvorba poutavých prezentací včetně doplňkového videomateriálu;21.10.2025;217 800 CZK s DPH
64609995;983061,0;MERIT GROUP a.s.;Zajištění technické podpory na dobu od 1. 1. 2026 do 31. 12. 2026 pro již vlastněný SW a HW Citrix.;20.10.2025;983 061 CZK bez DPH
25342282;974353,0;Naviga Advisory and Evaluation s.r.o.;Zajištění evaluace s názvem Návazné zadání na Zpětnou vazbu k JNR a analýza „red flags“ pro 2028+;17.10.2025;974 353 CZK s DPH
00583171;467472,0;Správa Národního parku Šumava;Smlouva o podmínkách realizace projektu (SoPR) - 248/PP2;17.10.2025;467 472 EUR
04095316;467472,0;Centrum pro regionální rozvoj České republiky;Smlouva o podmínkách realizace projektu (SoPR) - 248/PP2;17.10.2025;467 472 EUR
60076658;576575,0;Jihočeská univerzita v Českých Budějovicích;Smlouva o podmínkách realizace projektu (SoPR) - 239/PP2;17.10.2025;576 575 EUR
04095316;576575,0;Centrum pro regionální rozvoj České republiky;Smlouva o podmínkách realizace projektu (SoPR) - 239/PP2;17.10.2025;576 575 EUR
25342282;974353,0;Naviga Advisory and Evaluation s.r.o.;Zajištění evaluace s názvem Návazné zadání na Zpětnou vazbu k JNR a analýza „red flags“ pro 2028+;16.10.2025;974 353 CZK s DPH
28510267;117155,0;RUBILIS, s.r.o.;zajištění výjezdní porady OSP, SFPI a CRR;16.10.2025;117 155 CZK bez DPH
26671395;488920,0;Asociace pro rozvoj infrastruktury, z.s.;Dvoudenní kurz Praktické užití metody BEST VALUE v období od října 2025 do listopadu 2025 ve školících místech v Praze a Brně.;15.10.2025;488 920 CZK bez DPH
26027208;67960,0;ETOS cz, spol. s r.o.;Vybavení místnosti pro sportovní aktiviry zaměstnanců MMR;14.10.2025;67 960 CZK bez DPH
66002222;;Ministerstvo pro místní rozvoj;"DOHODA O UKONČENÍ SMLOUVY,
ÚČASTNICKÁ SMLOUVA";13.10.2025;Neuvedeno
25070282;481500,0;INFRAM a.s.;Expertní posouzení ceny variace pro stavbu D6 Petrohrad Lubenec, D6 Lubenec obchvat, II. etapa;13.10.2025;481 500 CZK bez DPH
05908841;34651500,0;Actum X, s.r.o.;Zajištění governance projektů a podpory uživatelů II.;13.10.2025;34 651 500 CZK bez DPH
29222389;28304650,0;InQool, a.s.;Dodatek č. 4 ke Smlouvě o dílo „VYTVOŘENÍ INFORMAČNÍHO SYSTÉMU E-TURISTA“;13.10.2025;28 304 650 CZK bez DPH
25401726;128889,0;THERMAL-F, a.s.;Smlouva o krátkodobém nájmu prostor pro účely konání akce a poskytnutí služeb na konferenci Přenos dobré praxe;10.10.2025;128 889 CZK s DPH
48036315;182616,0;DEREZA, společnost s ručením omezeným;Rozšíření předmětu díla o opravy havarijního stavu elektroinstalace, rozvodů vody a kanalizace;10.10.2025;182 616 CZK bez DPH
26171155;75000,0;ERMIHOTEL s.r.o.;Zajištění výjezdního zasedání sekce koordinace evropských fondů, mezinárodních vztahů a cestovního ruchu (S02), MMR ČR;10.10.2025;75 000 CZK s DPH
25913620;209697637,0;CarTec Ostrava s.r.o.;Rámcová dohoda na dodávky osobních automobilů - kategorie 4B nafta automat (AVISme 2025002576);10.10.2025;209 697 637 CZK bez DPH
27156052;189970,0;Moudrý překlad, s.r.o.;Organizační zajištění „Výročního setkání s Evropskou komisí (Annual Performance Review / APR)“;09.10.2025;189 970 CZK s DPH
04095316;12360000,0;Centrum pro regionální rozvoj České republiky;Kontroly zadávacích řízení v projektech;09.10.2025;12 360 000 CZK bez DPH
49777513;125949,0;Západočeská univerzita v Plzni;Smlouva o podmínkách realizace projektu (SoPR) - 242/PP2;09.10.2025;125 949 EUR
04095316;125949,0;Centrum pro regionální rozvoj České republiky;Smlouva o podmínkách realizace projektu (SoPR) - 242/PP2;09.10.2025;125 949 EUR
28123395;156271,0;Artspect, a.s.;Dílčí objednávka č. 12 na kancelářský nábytek;09.10.2025;156 271 CZK bez DPH
60460709;;Česká zemědělská univerzita v Praze;Dodatek č. 1 ke Smlouvě o podmínkách realizace projektu (SoPR) - 001/LP1;08.10.2025;Neuvedeno
04095316;;Centrum pro regionální rozvoj České republiky;Dodatek č. 1 ke Smlouvě o podmínkách realizace projektu (SoPR) - 001/LP1;08.10.2025;Neuvedeno
28399757;176394466,0;Hyundai Motor Czech s.r.o.;Rámcová dohoda na dodávky osobních automobilů - kategorie 4A benzin automat (AVISme 2025002563);08.10.2025;176 394 466 CZK bez DPH
03862861;95360,0;Galosoft s.r.o., Ing. František Kohout;Aktualizace webové aplikace ObcePRO;07.10.2025;95 360 CZK bez DPH
25648071;258000,0;Internet Info, s.r.o.;Oprávnění k užití licence YouTrack II.;06.10.2025;258 000 CZK bez DPH
29145121;;Tender systems s.r.o.;prodloužení maximální lhůty pro předání Centrálních služeb pro dodavatele;06.10.2025;Neuvedeno
29145121;;Tender systems s.r.o.;prodloužení maximální lhůty pro předání ROZZA;06.10.2025;Neuvedeno
26140161;5578780,0;Notes CS a.s.;pořízení produktů Oracle;06.10.2025;5 578 780 CZK bez DPH
60077638;6407692,0;Dům dětí a mládeže, České Budějovice, U Zimního stadionu 1;"DDM ČB - Smlouva o poskytnutí návratné finanční výpomoci z rozpočtu JčK na realizaci projektu &quot;Výstavba, modernizace a digitalizace učeben v DDM České Budějovice&quot;";06.10.2025;6 407 692 CZK bez DPH
60077638;5977361,0;Dům dětí a mládeže, České Budějovice, U Zimního stadionu 1;"DDM ČB - Smlouva o poskytnutí dotace JčK na úhradu nezp. výdajů projektu &quot;Výstavba, modernizace a digitalizace učeben v DDM ČB&quot;";06.10.2025;5 977 361 CZK bez DPH
60077638;1130769,0;Dům dětí a mládeže, České Budějovice, U Zimního stadionu 1;"DDM Č. Budějovice - Smlouva o poskytnutí dotace JčK na kofinancování projektu &quot;Výstavba, modernizace a digitalizace učeben v DDM ČB&quot;";06.10.2025;1 130 769 CZK bez DPH
25669214;13446250,0;Fa Podrazil s.r.o.;Smlouva o poskytování stěhovacích služeb, CES 6817;03.10.2025;13 446 250 CZK bez DPH
00070327;467883,0;Hvězdárna a planetárium České Budějovice s pobočkou na Kleti;Smlouva o podmínkách realizace projektu (SoPR) - 253/PP2;03.10.2025;467 883 EUR
04095316;467883,0;Centrum pro regionální rozvoj České republiky;Smlouva o podmínkách realizace projektu (SoPR) - 253/PP2;03.10.2025;467 883 EUR
47451084;1450000,0;T-MAPY spol. s r.o.;konverze dat UAP ZLÍNSKÝ kraj;03.10.2025;1 450 000 CZK bez DPH
61500054;209836,0;Radiopalác spol. s r.o.;Uskutečnění veřejného projednávání 1a aktualizace ÚRP;03.10.2025;209 836 CZK bez DPH
24746207;420698,0;INFK: Institut firemní kultury, s.r.o.;Realizace rozvojového vzdělávacího programu na téma Diagnostika, nastavení a rozvoj nového odboru Strategického rámce fondů EU na MMR;02.10.2025;420 698 CZK s DPH
08625140;158099,0;BREAKFASTSTORY s.r.o.;Propagační předměty pro IROP - sociální podniky;02.10.2025;158 099 CZK bez DPH
12584878;108918,0;Aleš Sebastianides;Dílčí objednávka č. 14/2025 - výměna koberců a podlahových krytin;02.10.2025;108 918 CZK bez DPH
12584878;75825,0;Aleš Sebastianides;Dílčí objednávka č. 13/2025 - výměna koberců a podlahových krytin;02.10.2025;75 825 CZK bez DPH
26763567;817748,0;Mertel RG Česká republika, spol. s r.o.;Zajištění organizace Dnů otevřených dveří na 11. 10. 2025 v ZK Otrokovice a MK Písek;01.10.2025;817 748 CZK s DPH
24290254;113300,0;Hotel Klášter Teplá s.r.o.;Zajištění akce „Seznámení pracovníků OŘO OPTP s praktickou činností MAS Kraj živých vod + návštěva projektů realizovaných přes MAS Kraj živých vod“;30.09.2025;113 300 CZK s DPH
26140161;5578780,0;Notes CS a.s.;pořízení produktů Oracle;30.09.2025;5 578 780 CZK bez DPH
04095316;218313,0;Město Kašperské Hory;Smlouva o podmínkách realizace projektu (SoPR) - 250/PP2;29.09.2025;218 313 EUR
04095316;218313,0;Centrum pro regionální rozvoj České republiky;Smlouva o podmínkách realizace projektu (SoPR) - 250/PP2;29.09.2025;218 313 EUR
60077344;;Biologické centrum AV ČR, v. v. i.;Dodatek č. 1 ke Smlouvě o podmínkách realizace projektu (SoPR) - 020/LP1;29.09.2025;Neuvedeno
04095316;;Centrum pro regionální rozvoj České republiky;Dodatek č. 1 ke Smlouvě o podmínkách realizace projektu (SoPR) - 020/LP1;29.09.2025;Neuvedeno
25750178;206462,0;PROTECH PRODUCTION, s.r.o.;Putovní výstava IROP - dílčí objednávka č. 25;29.09.2025;206 462 CZK bez DPH
66529255;71429,0;Tomáš Svoboda;Zajištění občerstvení na Setkání CZ URBACT měst;29.09.2025;71 429 CZK bez DPH
61504823;280725,0;Agentura NKL s.r.o.;Výjezdní zasedání odborů OSRFEU-23 a OŘKFEU–27, ve dnech 2. - 3. 10. 2025;29.09.2025;280 725 CZK s DPH
66529255;71429,0;Tomáš Svoboda;Zajištění občerstvení na Setkání CZ URBACT měst;29.09.2025;71 429 CZK bez DPH
29145121;;Tender systems s.r.o.;dodatek č.1;29.09.2025;Neuvedeno
29145121;;Tender systems s.r.o.;dodatek č.1;29.09.2025;Neuvedeno
;378000,0;Mgr. Dominik Novák;Revize autentizačních metod v prostředí MMR;26.09.2025;378 000 CZK bez DPH
75445034;80000,0;Ing. Lukáš Melecký;Odborná příprava a lektorské zajištění až 4 jednodenních online seminářů ve spolupráci s regionálními Eurocentry;25.09.2025;80 000 CZK s DPH
27874605;118668,0;Elseya spol. s r.o.;Konání Výboru pro regionální politiku;25.09.2025;118 668 CZK bez DPH
46352163;361900,0;S E T O S spol. s r.o.;Nákup mobilních telefonů vč. příslušenství 2025_II;25.09.2025;361 900 CZK bez DPH
74112422;123967,0;Šárka Kuželová, Šárka Kuželová;Smlouva o poskytování poradenství;25.09.2025;123 967 CZK bez DPH
26343673;44688134,0;AUTOCENTRUM JAN ŠMUCLER s.r.o.;Rámcová dohoda na dodávky osobních automobilů - kategorie 2A benzin manuál (AVISme 2025002425);25.09.2025;44 688 134 CZK bez DPH
66002222;1490315,0;Ministerstvo pro místní rozvoj;Objednávka MMR-eTurista-OBJ01_Ostatní činnosti;24.09.2025;1 490 315 CZK bez DPH
48587001;179000,0;MEDIAN, s.r.o.;Realizaci dotazníkového šetření – veřejné investování NPO 4.1.3;24.09.2025;179 000 CZK bez DPH
28425138;169107,0;DATECO SERVICES s.r.o.;Nákup spotřebního materiálu pro zařízení Konica Minolta;24.09.2025;169 107 CZK bez DPH
74112422;;Šárka Kuželová, Šárka Kuželová;Smlouva o poskytování poradenství;23.09.2025;Neuvedeno
26137585;231110,0;IBRS - International Business and Research Services s.r.o.;Zajištění evaluace Podkladová analýza pro redesign webu Územní dimenze;23.09.2025;231 110 CZK s DPH
00177041;73166062,0;Škoda Auto a.s.;Rámcová dohoda na dodávky osobních automobilů - kategorie 2A benzin automat  (AVISme 2025002386);23.09.2025;73 166 062 CZK bez DPH
66002222;;Ministerstvo pro místní rozvoj;Registrace akce a rozhodnutí o poskytnutí dotace;22.09.2025;Neuvedeno
06773079;90300,0;Dedikate s.r.o.;17. ročník tradiční říjnové konference;22.09.2025;90 300 CZK bez DPH
26763567;433767,0;Mertel RG Česká republika, spol. s r.o.;Zajištění a nákup na 4. 10. 2025: Den otevřených dveří ve VÝZKUMNÉM A ŠLECHTITELSKÉM ÚSTAVU OVOCNÁŘSKÉM HOLOVOUSY, s.r.o.;22.09.2025;433 767 CZK s DPH
28123395;102403,0;Artspect, a.s.;Kancelářský nábytek, dílčí obj. č.11;22.09.2025;102 403 CZK bez DPH
43144136;92950,0;Ing. Karel Horák, Ing. Karel Horák;Výjezdní zasedání Pracovní skupiny pro evaluace NOK;19.09.2025;92 950 CZK s DPH
03586316;227347,0;Desima Technology s. r. o.;Vícepráce vyvolané potřebou doplnění montážního materiálu,  a to kabeláže a potrubí pro napojení klimatizačních jednotek a lišt, který není součástí smlouvy o  dílo.;19.09.2025;227 347 CZK bez DPH
03586316;681893,0;Desima Technology s. r. o.;Změny vzniklé nepředvídatelnými okolnostmi, které vyvolaly nutnost změny řešení vyměňovaných klimatizací pro napojení na stávající rozvody.;19.09.2025;681 893 CZK bez DPH
25401726;792071,0;THERMAL-F, a.s.;Konference k územnímu plánování;18.09.2025;792 071 CZK bez DPH
48111198;138000,0;ACTIVA spol. s r.o.;kupní smlouva na dodávku kancelářského papíru v rámci veřejné zakázky  s názvem „Dynamický nákupní systém na dodávky kancelářských potřeb pro resort Ministerstva  financí – Výzva 3-2025“;18.09.2025;138 000 CZK bez DPH
12584878;185738,0;Aleš Sebastianides;Dodávka a pokládka koberce Na Příkopě OBJ 12/2025;18.09.2025;185 738 CZK bez DPH
12584878;62660,0;Aleš Sebastianides;Dodávka a pokládka koberce včetně úpravy podkladu;18.09.2025;62 660 CZK bez DPH
00510912;6850000,0;Střední škola rybářská a vodohospodářská Jakuba Krčína, Třeboň, Táboritská 688;"SŠ rybářská a vodohospodářská Třeboň - Smlouva o poskytnutí dotace JčK na úhradu  nezpůsobilých výdajů projektu &quot;Výstavba aquaponického skleníku na SŠRV, Třeboň";18.09.2025;6 850 000 CZK bez DPH
25014650;663080,0;Everesta, s.r.o.;"Příprava a realizace e-learningového kurzu formou série VOD na téma „Dotace EU a projektové řízení""";16.09.2025;663 080 CZK s DPH
49777513;41158,0;Západočeská univerzita v Plzni;Smlouva o podmínkách realizace projektu (SoPR) - 256/LP1;16.09.2025;41 158 EUR
04095316;41158,0;Centrum pro regionální rozvoj České republiky;Smlouva o podmínkách realizace projektu (SoPR) - 256/LP1;16.09.2025;41 158 EUR
05099994;552560,0;exe, a.s., odštěpný závod;Produkty Microsoft;16.09.2025;552 560 CZK bez DPH
19718144;7228500,0;STEGG s.r.o.;Modernizace bezpečnostního systému města Jeseník pomocí aplikačních řešení ekosystému sítí 5G dle technické specifikace;16.09.2025;7 228 500 CZK bez DPH
05732069;148000,0;KAROLAS Legal s.r.o., advokátní kancelář;CES 6805 - Právní služby - právní audit NGÚP;15.09.2025;148 000 CZK bez DPH
27655083;117250,0;ARISTOKRAT CATERING, s.r.o.;Občerstvení na akci - 26. Národní stálá konference;12.09.2025;117 250 CZK s DPH
27032302;140000,0;Asociace pro veřejné zakázky, z.s.;Organizačně technické zabezpečení realizace 17. ročníku podzimní konference;10.09.2025;140 000 CZK bez DPH
45247846;65000,0;"""Asociace komunikačních agentur České republiky, spolek""";Účast na vzdělávací akci Evidence Based Marketing Academy;10.09.2025;65 000 CZK s DPH
;239580,0;Mgr. Michal Garaj;Expert odborných témat;10.09.2025;239 580 CZK s DPH
75153033;342663,0;Císařské lázně, příspěvková organizace;Konference ke stavebnímu řádu;09.09.2025;342 663 CZK bez DPH
25401726;792071,0;THERMAL-F, a.s.;Konference k územnímu plánování;09.09.2025;792 071 CZK bez DPH
09129197;217121,0;Pragovka Events, s.r.o.;zajištění konference k rekodifikaci územního plánování;09.09.2025;217 121 CZK bez DPH
26763567;779010,0;Mertel RG Česká republika, spol. s r.o.;Zajištění organizace Dnů otevřených dveří na 20. 9. 2025:  pivovar a muzeum Holba v Hanušovicích, Selský dvůr U Matoušů;09.09.2025;779 010 CZK s DPH
00022004;1355125,0;GRANDHOTEL PUPP Karlovy Vary, akciová společnost;Celostátní konference k územnímu plánování a stavebnímu řádu;09.09.2025;1 355 125 CZK bez DPH
06313779;;Tomáš Pavelka, Tomáš Pavelka;Konzultační služby v oblasti regionálního rozvoje;09.09.2025;Neuvedeno
63144361;64788,0;Břízky s.r.o.;zajištění výjezdní porady odboru mezinárodních vztahů;09.09.2025;64 788 CZK bez DPH
49353845;15175,0;Jitka Bezoušková;Jednostranné čalounění 5 ks jednokřídlých dveří;08.09.2025;15 175 CZK s DPH
49353845;26600,0;Jitka Bezoušková;Čalounění dveří v kancelářích S444, S445 a S446;08.09.2025;26 600 CZK s DPH
45359041;14510358,0;STRABAG Silnice a.s.;Smlouva o dílo - Rekonstrukce inženýrských sítí, uličního prostoru a sadové úpra;08.09.2025;14 510 358 CZK bez DPH
27655083;129252,0;ARISTOKRAT CATERING, s.r.o.;občerstvení pro kulatý stůl Evropské fondy mění pravidla 11. 09. 2025;05.09.2025;129 252 CZK s DPH
26316919;77244,0;COMTES FHT a.s.;Smlouva o podmínkách realizace projektu (SoPR) - 257/LP1;05.09.2025;77 244 EUR
04095316;77244,0;Centrum pro regionální rozvoj České republiky;Smlouva o podmínkách realizace projektu (SoPR) - 257/LP1;05.09.2025;77 244 EUR
24270890;95060,0;Aegidius s.r.o.;zasedání k vyhodnocení projektu OECD;03.09.2025;95 060 CZK bez DPH
63677792;62533,0;KNOWORIGIN s.r.o.;Propagace brandu Kde fondy EU pomáhají v rámci kontinuální kampaně v souladu s přílohou číslo 1;03.09.2025;62 533 CZK s DPH
06544754;4018474,0;TSM Design s.r.o.;přístavba a stavební úpravy budovy technických služeb vč. protihlukové stěny v areálu společnosti SATT a.s., Žďár nad Sázavou;03.09.2025;4 018 474 CZK bez DPH
26763567;834029,0;Mertel RG Česká republika, spol. s r.o.;Zajištění organizace Dnů otevřených dveří na 13. a 14. 9. 2025: Hrad Roštejn, Skanzen Strážnice;02.09.2025;834 029 CZK s DPH
47451084;1150000,0;T-MAPY spol. s r.o.;konverze dat UAP ÚSTÍ;02.09.2025;1 150 000 CZK bez DPH
26954770;298000,0;AQE advisors, a.s.;Evaluace projektu %3844 Centrum podpory a rozvoje aktivit vedoucích k desegregaci v území;02.09.2025;298 000 CZK bez DPH
00268577;;Siemens, s.r.o.;Dotatek č. 3 ke Smlouvě o dílo;01.09.2025;Neuvedeno
;1099000,0;Hydrosoft Veleslavín;konverze dat UAP KARLOVY VARY;01.09.2025;1 099 000 CZK bez DPH
47451084;1360000,0;T-MAPY spol. s r.o.;konverze dat UAP Moravskoslezký kraj;01.09.2025;1 360 000 CZK bez DPH
25652869;692170,0;REMMARK, a.s.;Zajištění mediálního prostoru v tištěné i on-line podobě pro mediální kampaň IROP - ITI;01.09.2025;692 170 CZK bez DPH
;449000,0;Hydrosoft Veleslavín;konverze dat UAP PARDUBICE;01.09.2025;449 000 CZK bez DPH
;1390000,0;Hydrosoft Veleslavín;konverze dat UAP LIBEREC;01.09.2025;1 390 000 CZK bez DPH
;549000,0;Hydrosoft Veleslavín;konverze dat UAP HRADEC;01.09.2025;549 000 CZK bez DPH
;876000,0;Hydrosoft Veleslavín;konverze dat UAP PRAHA;01.09.2025;876 000 CZK bez DPH
;1199000,0;Hydrosoft Veleslavín;konverze dat UAP Střední Čechy;01.09.2025;1 199 000 CZK bez DPH
47451084;1150000,0;T-MAPY spol. s r.o.;konverze dat UAP ÚSTÍ;01.09.2025;1 150 000 CZK bez DPH
00073539;269655,0;Jihočeské muzeum v Českých Budějovicích;"Jihočeské muzeum v ČB - Smlouva o poskytnutí dotace JčK na úhradu nezpůsobilých výdajů projektu &quot;Muzejně expoziční část s depozitářem v areálu NKP Rodiště Jana Žižky v Trocnově&quot;";01.09.2025;269 655 CZK bez DPH
00073539;23017421,0;Jihočeské muzeum v Českých Budějovicích;"Jihočeské muzeum v ČB - Smlouva o poskytnutí dotace JčK na úhradu nezpůsobilých výdajů projektu &quot;Návštěvnické a vzdělávací centrum v areálu NKP Rodiště Jana Žižky v Trocnově&quot;";01.09.2025;23 017 421 CZK bez DPH
04084063;2661576,0;CETIN a.s.;Libošovice Hůra-Matra-stožár-CETIN;29.08.2025;2 661 576 CZK s DPH
47451084;450000,0;T-MAPY spol. s r.o.;konverze dat UAP VYSOČINA;29.08.2025;450 000 CZK bez DPH
12584878;49209,0;Aleš Sebastianides;Montáž a výroba dřevěného obkladu, objednávka č. 483/2025;29.08.2025;49 209 CZK bez DPH
45359041;14510358,0;STRABAG Silnice a.s.;Smlouva o dílo - Rekonstrukce inženýrských sítí, uličního prostoru a sadové úpra;29.08.2025;14 510 358 CZK bez DPH
06313779;;Tomáš Pavelka, Tomáš Pavelka;Konzultační služby v oblasti regionálního rozvoje;28.08.2025;Neuvedeno
47451084;600000,0;T-MAPY spol. s r.o.;konverze dat UAP Jihočeský kraj;28.08.2025;600 000 CZK bez DPH
71466479;195000,0;JUDr. Kristýna Dolejšová Kabelová, advokát;"Reedici a rozšíření příručky ""Jak řešit (spekulativní) dluhy vlastníka bytové jednotky? Doporučený postup pro společenství vlastníků jednotek v případě nehrazení příspěvku na správu domu a pozemku a záloh na služby ze strany vlastníka jednotky...";28.08.2025;195 000 CZK s DPH
60556552;;Ústav územního rozvoje;Dodatek č. 1 k Zápisu o přenechání kancelářských prostor do užívání - změna kontaktní osoby;27.08.2025;Neuvedeno
47451084;1110000,0;T-MAPY spol. s r.o.;konverze dat UAP Plzen;27.08.2025;1 110 000 CZK bez DPH
24298557;862667,0;OMNILINK Services a.s.;Videokonferenční řešení ve velké zasedací místnosti MMR;26.08.2025;862 667 CZK bez DPH
02832275;74919,0;Dvůr Pecínov s.r.o.;Zajištění výjezdní porady vedení MMR;26.08.2025;74 919 CZK bez DPH
63677792;603790,0;KNOWORIGIN s.r.o.;Minitendr 28/2388_Mediální prostor pro Dny otevřených dveří – podzim 2025;25.08.2025;603 790 CZK s DPH
07081561;770000,0;SEVITECH CZ s.r.o.;konverze dat UAP Jihomoravský kraj;25.08.2025;770 000 CZK bez DPH
07081561;630000,0;SEVITECH CZ s.r.o.;konverze dat UAP Olomoucký kraj;25.08.2025;630 000 CZK bez DPH
25750178;185868,0;PROTECH PRODUCTION, s.r.o.;Putovní výstava IROP - dílčí objednávka č. 24;22.08.2025;185 868 CZK bez DPH
71651322;18400,0;PETR ŽALMAN;Zajištění osmi znaleckých posudků pro vyřazení osobních vozidel MMR;22.08.2025;18 400 CZK s DPH
46902589;117990,0;S&K PUBLIC spol. s r.o.;Grafický návrh a tisk propagačních materiálů NPO;21.08.2025;117 990 CZK bez DPH
24207519;522304,0;SoftwareONE Czech Republic s.r.o.;Prováděcí smlouva č. 2025 - 073 k Rámcové dohodě na pořizování produktů Microsoft - M365 Copilot;21.08.2025;522 304 CZK bez DPH
04308697;616000,0;Aricoma Systems a.s.;Smlouva na dodávku a implementaci terminálových služeb;21.08.2025;616 000 CZK bez DPH
66002222;409248,0;Ministerstvo pro místní rozvoj;Rozhodnutí o poskytnutí dotace Z170101000000 - EÚS 2021-2027 - Danube-ADAPT - Enhancing Climate Data Cooperation for Evidence-based Adaptation Policy Making in the Danube Region;20.08.2025;409 248 CZK s DPH
66002222;;Ministerstvo pro místní rozvoj;Účastnická smlouva;19.08.2025;Neuvedeno
14548127;474000,0;Miroslav Musil;revize Microsoft Defender XDR;19.08.2025;474 000 CZK bez DPH
24298557;862667,0;OMNILINK Services a.s.;Videokonferenční řešení ve velké zasedací místnosti MMR;18.08.2025;862 667 CZK bez DPH
28123395;223175,0;Artspect, a.s.;Dílčí objednávka kancelářského nábytku dle Rámcové dohody CES 6470;18.08.2025;223 175 CZK bez DPH
28576217;1930000,0;PROCES-Centrum pro rozvoj obcí a regionů, s.r.o.;Hodnocení rozmístění vybraných investic IROP;18.08.2025;1 930 000 CZK bez DPH
28428161;;TZB Kladno s.r.o.;Předmětem Dodatku č. 1 jsou drobné změny předmětu díla (vícepráce a  méněpráce) smlouvy na realizaci veřejné zakázky „Obnova vybavení kotelny v objektu Staroměstské nám. 6“ bez dopadu na celkovou cenu díla;18.08.2025;Neuvedeno
47124652;68970000,0;Porsche Inter Auto CZ spol. s r.o.;Rámcová dohoda na dodávky osobních automobil na elektrický pohon (AVISme 2025002037);15.08.2025;68 970 000 CZK bez DPH
11695404;250000,0;Business Video Production s.r.o.;Videoreportáže o projektech IROP - dílčí pokyn k plnění č. 4;14.08.2025;250 000 CZK bez DPH
03886379;411400,0;Drone Services s.r.o.;výroba a zajištění multimediálních služeb k prezentaci příkladů dobré praxe smart village – inovativních řešení obcí;14.08.2025;411 400 CZK bez DPH
47124652;68970000,0;Porsche Inter Auto CZ spol. s r.o.;Rámcová dohoda na dodávky osobních automobil na elektrický pohon (AVISme 2025002037);14.08.2025;68 970 000 CZK bez DPH
26684055;775250,0;Komunální technika, s.r.o.;Kupní smlouva - nákup kompostérů v rámci projektu:  Domácí kompostéry pro občany 2024- město Opava;13.08.2025;775 250 CZK bez DPH
28361296;60936,0;Symphera s.r.o.;Účast na konferenci Project, Agile a Leadership 2025;13.08.2025;60 936 CZK s DPH
26775794;954219,0;Principal engineering s.r.o.;Dohoda o vypořádání poskytnutého plnění;13.08.2025;954 219 CZK bez DPH
64937178;100000,0;Spolek pro obnovu venkova ČR;Národní konference Venkov 2025;12.08.2025;100 000 CZK bez DPH
64937178;100000,0;Spolek pro obnovu venkova ČR;Národní konference Venkov 2025;12.08.2025;100 000 CZK bez DPH
05759099;491400,0;Vývoj software s.r.o.;zajištění technické podpory, programátorských a souvisejících prací pro aplikace MMR;12.08.2025;491 400 CZK bez DPH
66002222;64000000,0;Ministerstvo pro místní rozvoj;MMR_eTurista_RS o poskytování cloudových a dalších souvisejících služeb;11.08.2025;64 000 000 CZK bez DPH
26043076;495000,0;StaMPi, spol. s r.o.;poskytování podpory pro aplikaci Rezervace zasedacích místností;11.08.2025;495 000 CZK bez DPH
12584878;79565,0;Aleš Sebastianides;Dílčí objednávka k Rámcové dohodě o výměně koberců a podlahových krytin na dodávku a montáž PVC včetně úpravy podkladu v zasedací místnosti V07;11.08.2025;79 565 CZK bez DPH
11695404;500000,0;Business Video Production s.r.o.;Videoreportáže o projektech IROP - dílčí pokyn k plnění č. 3;11.08.2025;500 000 CZK bez DPH
09986341;12185000,0;Nikon Europe B.V., český odštěpný závod;Kupní smlouva - Mikroskop pro rychlé snímání dynamických preparátů s možností optických řezů;11.08.2025;12 185 000 CZK bez DPH
;787864,0;Gmina Wisła;Moderní řešení pro klimatické hrozby;07.08.2025;787 864 EUR
25451995;72135,0;UBS Liberec s.r.o.;zajištění výjezdního zasedání;07.08.2025;72 135 CZK bez DPH
26115476;478100,0;Diotima,s.r.o.;Datové podklady k vyhodnocení programů podpory bydlení;07.08.2025;478 100 CZK bez DPH
07081561;16941500,0;SEVITECH CZ s.r.o.;Smlouva na poskytnutí odborných rolí - Rozvoj software ISSŘ a jeho podpůrných nástrojů;07.08.2025;16 941 500 CZK bez DPH
;16941500,0;SYNCHRONIX, a.s.;Smlouva na poskytnutí odborných rolí - Rozvoj software ISSŘ a jeho podpůrných nástrojů;07.08.2025;16 941 500 CZK bez DPH
68145209;100000,0;SPOLEČNĚ-JEKHETANE, o.p.s.;ZAJIŠTĚNÍ KOMUNITNÍCH AKTIVIT v Hanušovicích;07.08.2025;100 000 CZK bez DPH
26473194;600000,0;PRESTO - PŘEKLADATELSKÉ CENTRUM s.r.o.;Jazykové vzdělávání pro IROP;06.08.2025;600 000 CZK bez DPH
04620852;413223,0;Analytics Data Factory s.r.o.;Odborné služby IT architekta k zajištění návrhu datových center pro kritickou infastrukturu a příprava migračního plánu;06.08.2025;413 223 CZK bez DPH
25719751;30851952,0;Mark2 Corporation Czech a.s.;Smlouva na provádění údržbářských prací v objektech MMR;06.08.2025;30 851 952 CZK bez DPH
14498138;73500,0;XANADU a.s.;Nákup výpočetní techniky a software vč. příslušenství 2025_IV - LTO pásky;05.08.2025;73 500 CZK bez DPH
29222389;28304650,0;InQool, a.s.;CES 6658/3 Dodatek č. 3 ke Smlouvě o dílo „VYTVOŘENÍ INFORMAČNÍHO SYSTÉMU E-TURISTA“;05.08.2025;28 304 650 CZK bez DPH
09047905;450000,0;Asociace softwarových agentur z.s.;zajištění konzultací při tvorbě a aplikaci kvalitativních hodnotících kritérií při zadání veřejných zakázek v oblasti IT;04.08.2025;450 000 CZK bez DPH
11695404;52800,0;Business Video Production s.r.o.;Videoreportáže o projektech IROP - dílčí pokyn k plnění č. 2;04.08.2025;52 800 CZK bez DPH
26137585;238370,0;IBRS - International Business and Research Services s.r.o.;Zajištění evaluace Podkladová analýza pro redesign webu Územní dimenze;01.08.2025;238 370 CZK s DPH
71458859;980584,0;Havlová Adéla, Mgr., LL.M., advokátka;Dodatek č. 1 k objednávce č. 4.1.2/8558, na zajištění poradenské činnosti/39/OBJ - 574/2024/56;31.07.2025;980 584 CZK s DPH
48510190;728640,0;Nejvyšší soud;Zápis o přenechání prostor do užívání;30.07.2025;728 640 CZK s DPH
06578705;22950000,0;Česká agentura pro standardizaci;Dohoda o sponzorovaném přístupu k českým technickým normám a jiným technickým dokumentům;29.07.2025;22 950 000 CZK bez DPH
27334929;90629,0;ECS Eurofinance, s.r.o.;Sběr, strukturace a dodání dat zveřejněných ve sbírce rozhodnutí ÚOHS mezi 1.1.2017 až 31.05.2025 pro potřeby další analytické práce objednatele;29.07.2025;90 629 CZK s DPH
07583028;2500000,0;Dominika Hovančáková;"CES 6500/2 - Dodatek č. 2 ke smlouvě ""Poskytování konzultačních a poradenských služeb v oblasti projektového managementu koordinačního a expertního řízení""";28.07.2025;2 500 000 CZK bez DPH
25652869;4000000,0;REMMARK, a.s.;CES 6776 - Mediální prostor pro kampaň Před a po 2025;28.07.2025;4 000 000 CZK bez DPH
29222389;26940000,0;InQool, a.s.;CES 6658/3 Dodatek č. 3 ke Smlouvě o dílo „VYTVOŘENÍ INFORMAČNÍHO SYSTÉMU E-TURISTA“;28.07.2025;26 940 000 CZK bez DPH
26775794;954219,0;Principal engineering s.r.o.;Dohoda o vypořádání poskytnutého plnění;28.07.2025;954 219 CZK bez DPH
14449579;500000,0;Lexicon Labs s.r.o.;zajištění pilotního vývoje a zavedení informačních systémů v podobě osobních AI asistentů/aplikací;28.07.2025;500 000 CZK bez DPH
02665824;251400,0;UMBRELLA Coach & Buses s.r.o.;Dílčí objednávka na zajištění dopravy Vesnice roku 2025 dle Rámcové smlouvy CES 6416;25.07.2025;251 400 CZK bez DPH
45895457;28392,0;Jaroslava Hermanová;Tvorba reprezentačních  stuh malé a velké ozdobné pro akci Vesnice roku 2025;25.07.2025;28 392 CZK bez DPH
03162800;90000,0;GRAFTIS - grafika a tisk, s.r.o.;tiskové služby spojené s tvorbou diplomů, šeků a posterů pro slavnostní vyhlášení oceněných obcí v rámci soutěže Vesnice roku 2025.;25.07.2025;90 000 CZK bez DPH
66002222;41083975,0;Ministerstvo pro místní rozvoj;O poskytnutí dotace - Rozhodnutí o poskytnutí dotace - Metropolitní síť;24.07.2025;41 083 975 CZK s DPH
12584878;125359,0;Aleš Sebastianides;Dílčí objednávka na pokládků koberců dle Rámcové smlouvy v kancelářích MMR;24.07.2025;125 359 CZK bez DPH
44947909;27500000,0;Nemocnice Tišnov, příspěvková organizace;Smlouva o úvěru;23.07.2025;27 500 000 CZK s DPH
25892533;80016000,0;TESCO SW a.s.;CES 6004/2 - Dodatek č. 2 ke Smlouvě o zajištění servisních a rozvojových služeb aplikace MS14+;22.07.2025;80 016 000 CZK bez DPH
25892533;59600000,0;TESCO SW a.s.;CES 6005/3 - Dodatek č. 3 ke Smlouvě o pořízení monitorovacího systému MS2021+ (MS21+) včetně zajištění servisních a rozvojových;22.07.2025;59 600 000 CZK bez DPH
25750178;198816,0;PROTECH PRODUCTION, s.r.o.;Putovní výstava IROP - dílčí objednávka č. 23;22.07.2025;198 816 CZK bez DPH
48587001;544500,0;MEDIAN, s.r.o.;Realizace sociologického šetření mezi českými domácnostmi zaměřeného na prověření zájmu o bydlení v bytech provozovaných bytovými společnostmi s omezeným ziskem (BSOZ);21.07.2025;544 500 CZK s DPH
29145121;14925200,0;Tender systems s.r.o.;ROZZA (dodávka, provoz a rozvoj informačních služeb NIPEZ pro dodavatele);21.07.2025;14 925 200 CZK bez DPH
01405471;2750000,0;FETTERS management, s.r.o.;Smlouva o poskytování služeb - výkonu činností správce stavby Bytový dům na ul. Novoměstská;21.07.2025;2 750 000 CZK bez DPH
27675645;61471376,0;Thein Systems a.s.;Dodatek č. 3 Smlouvy CES 6224;18.07.2025;61 471 376 CZK bez DPH
45309612;344895340,0;S u b t e r r a a.s.;Smlouva  o dílo - Intenzifikace a zkapacitnění ČOV Brandýs n.L.;18.07.2025;344 895 340 CZK bez DPH
27195147;344895340,0;SMP CZ, a.s.;Smlouva  o dílo - Intenzifikace a zkapacitnění ČOV Brandýs n.L.;18.07.2025;344 895 340 CZK bez DPH
66002222;611283,0;Ministerstvo pro místní rozvoj;Smlouva o bezúplatném převodu majetku a o změně příslušnosti hospodařit s tímto majetkem státu - převod tiskáren včetně příslušenství;17.07.2025;611 283 CZK s DPH
61501484;302137,0;CANON CZ s.r.o.;podpora systému centrální reprografie PRISMA;17.07.2025;302 137 CZK s DPH
25844822;113049,0;Omnis Olomouc, a.s.;Minitendr_77/221_A_ Reg. akce Loštice, Dny s evropskými fondy Zákupy a Rymice - Produkční a logistické zajištění v rámci prezentace fondů EU;16.07.2025;113 049 CZK s DPH
26188406;409000,0;R.V.V. Studio, s.r.o.;Pořízení fotografických a video služeb pro prezentaci soutěže Vesnice roku 2025.;16.07.2025;409 000 CZK bez DPH
26441381;121847,0;Alma Career Czechia s.r.o.;Smlouva o vypořádání závazku (objednávka v e-shopu);15.07.2025;121 847 CZK s DPH
12584878;487661,0;Aleš Sebastianides;OBJ/417/2025 - Výměna poškozené podlahové krytiny za nové parkety;15.07.2025;487 661 CZK bez DPH
29066476;659370,0;Auto Eder a.s.;Centrální nákup osobních vozidel s elektrickým pohonem - kategorie 2 EV;15.07.2025;659 370 CZK bez DPH
11230657;73500,0;Marie Kulmanová;OBJ/418/2025 - Zahradnické práce - likvidace a výsadba vyvýšeného záhonu;14.07.2025;73 500 CZK bez DPH
64949681;323796,0;T-Mobile Czech Republic a.s.;pronájem jednoho páru nenasvícených optických vláken;14.07.2025;323 796 CZK s DPH
28473311;100000,0;TOP EXPO CZ s.r.o.;Zajištění propagace aktivit a oblastí spadajících do působnosti MMR zejména z oblasti stavebního řádu ve vazbě na nový stavební zákon a vypsání ceny MMR v rámci 22. ročníku soutěže ČEEP;14.07.2025;100 000 CZK bez DPH
28822188;141570,0;MARY & POPP'S AGENCY, s.r.o.;Minitendr_73/221_A_Den na hasičské stanici v Žamberku, Loučení s létem v Praze a Den s IZS v Pardubicích“  - Produkční a logistické zajištění prezentace na regionálních akcích v rámci prezentace fondů EU;14.07.2025;141 570 CZK s DPH
25898795;363000,0;ATLAS software a.s.;prodloužení licence CODEXIS;14.07.2025;363 000 CZK s DPH
04767543;3500000,0;Národní agentura pro komunikační a informační technologie, s. p.;Poskytnutí odborných zdrojů / kapacit při vytváření byznys analýzy a byznys architektury budoucích systémů Digitalizace stavebního řízení;14.07.2025;3 500 000 CZK bez DPH
64949681;713513,0;T-Mobile Czech Republic a.s.;Dodatek č. 2 Smlouvy CES5390;11.07.2025;713 513 CZK bez DPH
48036315;2144778,0;DEREZA, společnost s ručením omezeným;"Dodatek č. 1 ke smlouvě na realizaci VZ ""Provedení rekonstrukce ZTI, VZT a EL, včetně souvisejících stavebních  prací, na ubytovně Velehradská"" upravující předmět a cenu díla  z důvodu zjištění nutných havarijních oprav";10.07.2025;2 144 778 CZK bez DPH
28530021;88384,0;Cattor s.r.o.;Objednávka č. 413/2025 na revizi elektrospotřebičů v budovách MMR;09.07.2025;88 384 CZK bez DPH
12584878;54048,0;Aleš Sebastianides;Výměna koberců dle OBJ č. 8/2025/CES6355;09.07.2025;54 048 CZK bez DPH
12584878;93651,0;Aleš Sebastianides;Obj. č. 7/2025/CES6355 - Výměna koberců;09.07.2025;93 651 CZK bez DPH
29145121;24898800,0;Tender systems s.r.o.;Centrální služby pro dodavatele (dodávka, provoz a rozvoj centrálních služeb NIPEZ);09.07.2025;24 898 800 CZK bez DPH
29145121;14925000,0;Tender systems s.r.o.;ROZZA (dodávka, provoz a rozvoj informačních služeb NIPEZ pro dodavatele);09.07.2025;14 925 000 CZK bez DPH
28607376;1793146,0;Moderní škola s.r.o.;Kupní smlouva na pořízení vybavení odborné učebny Fy,Ch,,přípravny CH;08.07.2025;1 793 146 CZK bez DPH
10695443;601007,0;bombyx s.r.o.;provedení AI strategie;04.07.2025;601 007 CZK s DPH
14548127;353000,0;Miroslav Musil;předimplementační fáze Data Loss Prevention;03.07.2025;353 000 CZK bez DPH
23339322;;LITERIX FE s.r.o.;Dodatek č. 1 ke smlouvě o nájmu prostor sloužících k podnikání o přechodu práv a povinností z důvodu přeměny nájemce;03.07.2025;Neuvedeno
88349438;452383,0;Marek Vrátil;Smlouva na provádění revizí, údržby a kontrol hasicích přístrojů, vnitřních požárních  hydrantů, požárních klapek, požárních uzávěrů a ucpávek v budovách MMR, CES 6768;02.07.2025;452 383 CZK bez DPH
24764248;12500000,0;TAF Point s.r.o.;Smlouva o poskytování odborných služeb;02.07.2025;12 500 000 CZK bez DPH
25844822;2111087,0;Omnis Olomouc, a.s.;Minitendr_75_221_B_Prezentace evropských fondů na hudebních festivalech_2025;02.07.2025;2 111 087 CZK s DPH
14548127;353000,0;Miroslav Musil;předimplementační fáze Data Loss Prevention;02.07.2025;353 000 CZK bez DPH
04767543;800000,0;Národní agentura pro komunikační a informační technologie, s. p.;Dodatek č. 1 - k Rámcové smlouvě o poskytování konzultačních služeb CES 6929;30.06.2025;800 000 CZK bez DPH
05099994;2500000,0;exe, a.s., odštěpný závod;Smlouva na poskytnutí služeb Microsoft Azure;30.06.2025;2 500 000 CZK bez DPH
25112775;26316000,0;Servodata a.s.;Smlouva na poskytnutí odborných rolí - Zajištění úprav portálu stavební správy a dalších komponent Digitalizace stavebního řízení;30.06.2025;26 316 000 CZK bez DPH
05908841;5442500,0;Actum X, s.r.o.;Dodatek č. 1 - Smlouvy na poskytnutí odborných rolí CES 6664;30.06.2025;5 442 500 CZK bez DPH
47903783;22042000,0;GORDIC spol. s r.o.;Smlouva o dodání krátkodobého úložiště dokumentů včetně integrace, rozvoje, podpory a poskytnutí dalších služeb;30.06.2025;22 042 000 CZK bez DPH
05099994;277016,0;exe, a.s., odštěpný závod;Prováděcí smlouva k Rámcové dohodě na pořizování produktů Microsoft (AVISme 2025001597);30.06.2025;277 016 CZK bez DPH
66002222;65770,0;Ministerstvo pro místní rozvoj;Zápis_užívání nebytových prostor pro MMR ČR_budova ÚP Ostrava III (AVISme 2025000361);26.06.2025;65 770 CZK s DPH
00553115;43500,0;KPMG Česká republika, s.r.o.;poskytování odborné podpory - akční plán - dodatek;26.06.2025;43 500 CZK bez DPH
29066476;3284285,0;Auto Eder a.s.;Kupní smlouva - Centralizovaný nákup 5 ks osobních vozidel v kategorii 2 EV;26.06.2025;3 284 285 CZK bez DPH
09047905;200000,0;Asociace softwarových agentur z.s.;Smlouva o poskytování poradenských služeb pro oblast veřejných nákupů, odborných konzultací v oblasti ICT;25.06.2025;200 000 CZK bez DPH
49240480;610040,0;UNIQA pojišťovna, a.s.;MaP/15454/2025-OS - Pojistná smlouva č. 2730328867 - pojištění lesů s účinností od 1.7.2025 do 1.7.2030;25.06.2025;610 040 CZK bez DPH
49240480;2155005,0;UNIQA pojišťovna, a.s.;MaP/15456/2025-OS - Pojistná smlouva č.- 4013720355 - pojištění souboru motorových a přípojných vozidel s platností od 1.7.2025 do 1.7.2030;25.06.2025;2 155 005 CZK bez DPH
49240480;12751980,0;UNIQA pojišťovna, a.s.;MaP/15455/2025-OS - Pojistná smlouva č. 2731328866 - pojištění majetku a odpovědnosti s počátkem pojištění od 1.7.2025 do 1. 7. 2030;25.06.2025;12 751 980 CZK bez DPH
04402693;333200,0;Alena Novotná;Dodatek č. 2 k obj. 335/2024_Poskytování specializovaných služeb v oblasti vizualizace dat a analytických výstupů;24.06.2025;333 200 CZK bez DPH
75068478;3513126,0;Obce pro Baťův kanál;Dohoda o vypořádání vzájemných práv a povinností MVNM x Obce pro Baťův kanál;24.06.2025;3 513 126 CZK s DPH
26137585;272976,0;IBRS - International Business and Research Services s.r.o.;Dodatek č. 1  k objednávce 94/05/CES-6616/2025/56 na zajištění evaluace s názvem Vyhodnocení přímé komunikace brandu Kde fondy EU pomáhají – DOD a festivaly;24.06.2025;272 976 CZK s DPH
25842811;5762074,0;ABAS IPS Management s.r.o.;CES 6757 PTZS a  VSS;24.06.2025;5 762 074 CZK s DPH
48364126;120723,0;Darovanský Dvůr Resort s.r.o.;uskutečnění výjezdní porady odboru kontroly a legislativně právního MMR;24.06.2025;120 723 CZK bez DPH
25616242;67238,0;Golf Konopiště a.s.;Zajištění porady Sekce 3, CRR, SFPI a IROP;24.06.2025;67 238 CZK bez DPH
60487291;1970988,0;GAPP System, spol. s r.o.;Smlouva o dílo k VZ Nákup serverové technologie vč. podpory 2025_II;23.06.2025;1 970 988 CZK bez DPH
60487291;1970988,0;GAPP System, spol. s r.o.;"Smlouva o dílo k VZ ""Nákup serverové technologie vč. podpory 2025_II""";23.06.2025;1 970 988 CZK bez DPH
12584878;15150,0;Aleš Sebastianides;Dílčí obj. č. 5a ,CES 6355 na stržení koberců a úpravu povrchu, S231, S232;23.06.2025;15 150 CZK bez DPH
03586316;2276371,0;Desima Technology s. r. o.;Smlouva na obnovu a instalaci nových klimatizačních jednotek v objektech MMR, CES 6758;23.06.2025;2 276 371 CZK bez DPH
61681547;177590,0;MICHAEL RANCH spol. s r.o.;Zajištění výjezdního zasedání pracovní skupiny Národního orgánu pro koordinaci, 24. - 25. června 2025;23.06.2025;177 590 CZK s DPH
25820826;100000,0;Konica Minolta IT Solutions Czech s.r.o.;Školení MS 365 pro MMR - ŘO IROP;19.06.2025;100 000 CZK bez DPH
64609995;880939,0;MERIT GROUP a.s.;Prováděcí smlouva č. CES: 6755 č. 2025 - 03 k Rámcové dohodě na pořizování produktů Citrix;19.06.2025;880 939 CZK bez DPH
24303321;2000000,0;BRODEC & PARTNERS s.r.o., advokátní kancelář;CES 6749 - rámcová smlouva o poskytování právních služeb;19.06.2025;2 000 000 CZK bez DPH
48111198;48426,0;ACTIVA spol. s r.o.;Objednávka na nákup drobného elektra 384/2025;19.06.2025;48 426 CZK bez DPH
25750178;198928,0;PROTECH PRODUCTION, s.r.o.;Putovní výstava IROP - dílčí objednávka č. 22;19.06.2025;198 928 CZK bez DPH
86645544;800000,0;Mariana Halmanová;Propagace FB stránky IROP;18.06.2025;800 000 CZK bez DPH
86645544;500000,0;Mariana Halmanová;Propagace YT kanálu IROP;18.06.2025;500 000 CZK bez DPH
25006339;132390,0;Enaspol a.s.;Zajištění výjezdního zasedání Odboru publicity a fondů EU MMR ČR, v termínu od 19. – 21. srpna 2025,;18.06.2025;132 390 CZK s DPH
26043076;125598,0;StaMPi, spol. s r.o.;zajištění webhostingových služeb a technické podpory webových prezentací;18.06.2025;125 598 CZK s DPH
29282551;198562,0;CZECH IMAGE GROUP s.r.o.;Výroba a dodání propagačních předmětů v souladu s Technickou specifikací;17.06.2025;198 562 CZK s DPH
25112775;1977799,0;Servodata a.s.;DODATEK Č. 2 SMLOUVY NA POSKYTNUTÍ ODBORNÝCH ROLÍ;17.06.2025;1 977 799 CZK bez DPH
00284459;163446,0;město Slavičín;Mezinárodní jednání Komise pro PS;17.06.2025;163 446 CZK bez DPH
66002222;;Ministerstvo pro místní rozvoj;Účastnická smlouva;16.06.2025;Neuvedeno
